[    1200ms] [INFO] %cDownload the React DevTools for a better development experience: https://react.dev/link/react-devtools font-weight:bold @ http://localhost:8081/_next/static/chunks/node_modules_next_dist_1e8vcs8._.js:776
[    1312ms] [LOG] [HMR] connected @ http://localhost:8081/_next/static/chunks/node_modules_next_dist_1e8vcs8._.js:776
[    3874ms] [INFO] %cDownload the React DevTools for a better development experience: https://react.dev/link/react-devtools font-weight:bold @ http://localhost:8081/_next/static/chunks/node_modules_next_dist_1e8vcs8._.js:776
[    3922ms] [LOG] [HMR] connected @ http://localhost:8081/_next/static/chunks/node_modules_next_dist_1e8vcs8._.js:776
[    6129ms] [LOG] [Fast Refresh] rebuilding @ http://localhost:8081/_next/static/chunks/node_modules_next_dist_1e8vcs8._.js:776
[    6895ms] [LOG] [Fast Refresh] done in 877ms @ http://localhost:8081/_next/static/chunks/node_modules_next_dist_1e8vcs8._.js:776
[    6944ms] [INFO] %cDownload the React DevTools for a better development experience: https://react.dev/link/react-devtools font-weight:bold @ http://localhost:8081/_next/static/chunks/node_modules_next_dist_1e8vcs8._.js:776
[    6964ms] [LOG] [HMR] connected @ http://localhost:8081/_next/static/chunks/node_modules_next_dist_1e8vcs8._.js:776
[    9200ms] [INFO] %cDownload the React DevTools for a better development experience: https://react.dev/link/react-devtools font-weight:bold @ http://localhost:8081/_next/static/chunks/node_modules_next_dist_1e8vcs8._.js:776
[    9227ms] [LOG] [HMR] connected @ http://localhost:8081/_next/static/chunks/node_modules_next_dist_1e8vcs8._.js:776
[   11381ms] [VERBOSE] [DOM] Input elements should have autocomplete attributes (suggested: "current-password"): (More info: https://goo.gl/9p2vKq) %o @ http://localhost:8081/account:0
[   11494ms] [INFO] %cDownload the React DevTools for a better development experience: https://react.dev/link/react-devtools font-weight:bold @ http://localhost:8081/_next/static/chunks/node_modules_next_dist_1e8vcs8._.js:776
[   11534ms] [LOG] [HMR] connected @ http://localhost:8081/_next/static/chunks/node_modules_next_dist_1e8vcs8._.js:776
[   13710ms] [LOG] [Fast Refresh] rebuilding @ http://localhost:8081/_next/static/chunks/node_modules_next_dist_1e8vcs8._.js:776
[   14184ms] [LOG] [Fast Refresh] done in 580ms @ http://localhost:8081/_next/static/chunks/node_modules_next_dist_1e8vcs8._.js:776
[   14279ms] [VERBOSE] [DOM] Input elements should have autocomplete attributes (suggested: "current-password"): (More info: https://goo.gl/9p2vKq) %o @ http://localhost:8081/login:0
[   14336ms] [INFO] %cDownload the React DevTools for a better development experience: https://react.dev/link/react-devtools font-weight:bold @ http://localhost:8081/_next/static/chunks/node_modules_next_dist_1e8vcs8._.js:776
[   14384ms] [LOG] [HMR] connected @ http://localhost:8081/_next/static/chunks/node_modules_next_dist_1e8vcs8._.js:776
[   16946ms] [INFO] %cDownload the React DevTools for a better development experience: https://react.dev/link/react-devtools font-weight:bold @ http://localhost:8081/_next/static/chunks/node_modules_next_dist_1e8vcs8._.js:776
[   17004ms] [LOG] [HMR] connected @ http://localhost:8081/_next/static/chunks/node_modules_next_dist_1e8vcs8._.js:776
[   19365ms] [INFO] %cDownload the React DevTools for a better development experience: https://react.dev/link/react-devtools font-weight:bold @ http://localhost:8081/_next/static/chunks/node_modules_next_dist_1e8vcs8._.js:776
[   19408ms] [LOG] [HMR] connected @ http://localhost:8081/_next/static/chunks/node_modules_next_dist_1e8vcs8._.js:776
[   19748ms] [WARNING] Image with src "/homepage/about/story-banner.jpg" was detected as the Largest Contentful Paint (LCP). Please add the `loading="eager"` property if this image is above the fold.
Read more: https://nextjs.org/docs/app/api-reference/components/image#loading @ http://localhost:8081/_next/static/chunks/node_modules_next_dist_1e8vcs8._.js:776
[   22008ms] [INFO] %cDownload the React DevTools for a better development experience: https://react.dev/link/react-devtools font-weight:bold @ http://localhost:8081/_next/static/chunks/node_modules_next_dist_1e8vcs8._.js:776
[   22052ms] [LOG] [HMR] connected @ http://localhost:8081/_next/static/chunks/node_modules_next_dist_1e8vcs8._.js:776
[   24231ms] [LOG] [Fast Refresh] rebuilding @ http://localhost:8081/_next/static/chunks/node_modules_next_dist_1e8vcs8._.js:776
[   24535ms] [LOG] [Fast Refresh] done in 404ms @ http://localhost:8081/_next/static/chunks/node_modules_next_dist_1e8vcs8._.js:776
[   24602ms] [ERROR] Failed to load resource: the server responded with a status of 404 (Not Found) @ http://localhost:8081/order-confirmation:0
[   24702ms] [INFO] %cDownload the React DevTools for a better development experience: https://react.dev/link/react-devtools font-weight:bold @ http://localhost:8081/_next/static/chunks/node_modules_next_dist_1e8vcs8._.js:776
[   24744ms] [LOG] [HMR] connected @ http://localhost:8081/_next/static/chunks/node_modules_next_dist_1e8vcs8._.js:776
[   25005ms] TypeError: Failed to execute 'measure' on 'Performance': '​OrderConfirmationPage' cannot have a negative time stamp.
    at flushComponentPerformance (http://localhost:8081/_next/static/chunks/node_modules_next_dist_compiled_react-server-dom-turbopack_164kp-6._.js:2206:45)
    at flushComponentPerformance (http://localhost:8081/_next/static/chunks/node_modules_next_dist_compiled_react-server-dom-turbopack_164kp-6._.js:2178:31)
    at flushInitialRenderPerformance (http://localhost:8081/_next/static/chunks/node_modules_next_dist_compiled_react-server-dom-turbopack_164kp-6._.js:2368:74)
[   66610ms] [LOG] [Fast Refresh] rebuilding @ http://localhost:8081/_next/static/chunks/node_modules_next_dist_1e8vcs8._.js:776
[   67451ms] [LOG] [Fast Refresh] done in 789ms @ http://localhost:8081/_next/static/chunks/node_modules_next_dist_1e8vcs8._.js:776
[   74486ms] [INFO] %cDownload the React DevTools for a better development experience: https://react.dev/link/react-devtools font-weight:bold @ http://localhost:8081/_next/static/chunks/node_modules_next_dist_1e8vcs8._.js:776
[   74576ms] [LOG] [HMR] connected @ http://localhost:8081/_next/static/chunks/node_modules_next_dist_1e8vcs8._.js:776
[  100705ms] [LOG] [Fast Refresh] rebuilding @ http://localhost:8081/_next/static/chunks/node_modules_next_dist_1e8vcs8._.js:776
[  101441ms] [LOG] [Fast Refresh] done in 759ms @ http://localhost:8081/_next/static/chunks/node_modules_next_dist_1e8vcs8._.js:776
[  116421ms] [INFO] %cDownload the React DevTools for a better development experience: https://react.dev/link/react-devtools font-weight:bold @ http://localhost:8081/_next/static/chunks/node_modules_next_dist_1e8vcs8._.js:776
[  116480ms] [LOG] [HMR] connected @ http://localhost:8081/_next/static/chunks/node_modules_next_dist_1e8vcs8._.js:776
[  123058ms] [INFO] %cDownload the React DevTools for a better development experience: https://react.dev/link/react-devtools font-weight:bold @ http://localhost:8081/_next/static/chunks/node_modules_next_dist_1e8vcs8._.js:776
[  123094ms] [LOG] [HMR] connected @ http://localhost:8081/_next/static/chunks/node_modules_next_dist_1e8vcs8._.js:776
[  127404ms] [INFO] %cDownload the React DevTools for a better development experience: https://react.dev/link/react-devtools font-weight:bold @ http://localhost:8081/_next/static/chunks/node_modules_next_dist_1e8vcs8._.js:776
[  127438ms] [LOG] [HMR] connected @ http://localhost:8081/_next/static/chunks/node_modules_next_dist_1e8vcs8._.js:776
[  131231ms] [INFO] %cDownload the React DevTools for a better development experience: https://react.dev/link/react-devtools font-weight:bold @ http://localhost:8081/_next/static/chunks/node_modules_next_dist_1e8vcs8._.js:776
[  131263ms] [LOG] [HMR] connected @ http://localhost:8081/_next/static/chunks/node_modules_next_dist_1e8vcs8._.js:776
[  134253ms] [VERBOSE] [DOM] Input elements should have autocomplete attributes (suggested: "current-password"): (More info: https://goo.gl/9p2vKq) %o @ http://localhost:8081/account:0
[  134314ms] [INFO] %cDownload the React DevTools for a better development experience: https://react.dev/link/react-devtools font-weight:bold @ http://localhost:8081/_next/static/chunks/node_modules_next_dist_1e8vcs8._.js:776
[  134358ms] [LOG] [HMR] connected @ http://localhost:8081/_next/static/chunks/node_modules_next_dist_1e8vcs8._.js:776
[  137431ms] [VERBOSE] [DOM] Input elements should have autocomplete attributes (suggested: "current-password"): (More info: https://goo.gl/9p2vKq) %o @ http://localhost:8081/login:0
[  137478ms] [INFO] %cDownload the React DevTools for a better development experience: https://react.dev/link/react-devtools font-weight:bold @ http://localhost:8081/_next/static/chunks/node_modules_next_dist_1e8vcs8._.js:776
[  137501ms] [LOG] [HMR] connected @ http://localhost:8081/_next/static/chunks/node_modules_next_dist_1e8vcs8._.js:776
[  140685ms] [INFO] %cDownload the React DevTools for a better development experience: https://react.dev/link/react-devtools font-weight:bold @ http://localhost:8081/_next/static/chunks/node_modules_next_dist_1e8vcs8._.js:776
[  140739ms] [LOG] [HMR] connected @ http://localhost:8081/_next/static/chunks/node_modules_next_dist_1e8vcs8._.js:776
[  141067ms] [WARNING] Image with src "/homepage/about/story-banner.jpg" was detected as the Largest Contentful Paint (LCP). Please add the `loading="eager"` property if this image is above the fold.
Read more: https://nextjs.org/docs/app/api-reference/components/image#loading @ http://localhost:8081/_next/static/chunks/node_modules_next_dist_1e8vcs8._.js:776
[  144932ms] [INFO] %cDownload the React DevTools for a better development experience: https://react.dev/link/react-devtools font-weight:bold @ http://localhost:8081/_next/static/chunks/node_modules_next_dist_1e8vcs8._.js:776
[  144989ms] [LOG] [HMR] connected @ http://localhost:8081/_next/static/chunks/node_modules_next_dist_1e8vcs8._.js:776
[  148484ms] [INFO] %cDownload the React DevTools for a better development experience: https://react.dev/link/react-devtools font-weight:bold @ http://localhost:8081/_next/static/chunks/node_modules_next_dist_1e8vcs8._.js:776
[  148528ms] [LOG] [HMR] connected @ http://localhost:8081/_next/static/chunks/node_modules_next_dist_1e8vcs8._.js:776
[  153186ms] [INFO] %cDownload the React DevTools for a better development experience: https://react.dev/link/react-devtools font-weight:bold @ http://localhost:8081/_next/static/chunks/node_modules_next_dist_1e8vcs8._.js:776
[  153248ms] [LOG] [HMR] connected @ http://localhost:8081/_next/static/chunks/node_modules_next_dist_1e8vcs8._.js:776
[  156716ms] [INFO] %cDownload the React DevTools for a better development experience: https://react.dev/link/react-devtools font-weight:bold @ http://localhost:8081/_next/static/chunks/node_modules_next_dist_1e8vcs8._.js:776
[  156747ms] [LOG] [HMR] connected @ http://localhost:8081/_next/static/chunks/node_modules_next_dist_1e8vcs8._.js:776
[  158120ms] [LOG] Running with experiment IDs: [106288168] @ https://maps.googleapis.com/maps-api-v3/api/js/66/7/main.js:311
[  162213ms] [INFO] %cDownload the React DevTools for a better development experience: https://react.dev/link/react-devtools font-weight:bold @ http://localhost:8081/_next/static/chunks/node_modules_next_dist_1e8vcs8._.js:776
[  162260ms] [LOG] [HMR] connected @ http://localhost:8081/_next/static/chunks/node_modules_next_dist_1e8vcs8._.js:776
[  162564ms] [WARNING] Image with src "/homepage/about/store-banner.jpg" was detected as the Largest Contentful Paint (LCP). Please add the `loading="eager"` property if this image is above the fold.
Read more: https://nextjs.org/docs/app/api-reference/components/image#loading @ http://localhost:8081/_next/static/chunks/node_modules_next_dist_1e8vcs8._.js:776
[  165272ms] [LOG] Running with experiment IDs: [106288168] @ https://maps.googleapis.com/maps-api-v3/api/js/66/7/main.js:311
[  167772ms] [INFO] %cDownload the React DevTools for a better development experience: https://react.dev/link/react-devtools font-weight:bold @ http://localhost:8081/_next/static/chunks/node_modules_next_dist_1e8vcs8._.js:776
[  167828ms] [LOG] [HMR] connected @ http://localhost:8081/_next/static/chunks/node_modules_next_dist_1e8vcs8._.js:776
[  171843ms] [INFO] %cDownload the React DevTools for a better development experience: https://react.dev/link/react-devtools font-weight:bold @ http://localhost:8081/_next/static/chunks/node_modules_next_dist_1e8vcs8._.js:776
[  171902ms] [LOG] [HMR] connected @ http://localhost:8081/_next/static/chunks/node_modules_next_dist_1e8vcs8._.js:776
[  172051ms] [WARNING] Image with src "/reference-only/products/chandrika-ivory-tissue-silk-jangla-saree/01.webp" was detected as the Largest Contentful Paint (LCP). Please add the `loading="eager"` property if this image is above the fold.
Read more: https://nextjs.org/docs/app/api-reference/components/image#loading @ http://localhost:8081/_next/static/chunks/node_modules_next_dist_1e8vcs8._.js:776
[  176257ms] [INFO] %cDownload the React DevTools for a better development experience: https://react.dev/link/react-devtools font-weight:bold @ http://localhost:8081/_next/static/chunks/node_modules_next_dist_1e8vcs8._.js:776
[  176308ms] [LOG] [HMR] connected @ http://localhost:8081/_next/static/chunks/node_modules_next_dist_1e8vcs8._.js:776
[  179842ms] [INFO] %cDownload the React DevTools for a better development experience: https://react.dev/link/react-devtools font-weight:bold @ http://localhost:8081/_next/static/chunks/node_modules_next_dist_1e8vcs8._.js:776
[  179886ms] [LOG] [HMR] connected @ http://localhost:8081/_next/static/chunks/node_modules_next_dist_1e8vcs8._.js:776
[  182731ms] [VERBOSE] [DOM] Input elements should have autocomplete attributes (suggested: "current-password"): (More info: https://goo.gl/9p2vKq) %o @ http://localhost:8081/account:0
[  182765ms] [INFO] %cDownload the React DevTools for a better development experience: https://react.dev/link/react-devtools font-weight:bold @ http://localhost:8081/_next/static/chunks/node_modules_next_dist_1e8vcs8._.js:776
[  182801ms] [LOG] [HMR] connected @ http://localhost:8081/_next/static/chunks/node_modules_next_dist_1e8vcs8._.js:776
[  185650ms] [VERBOSE] [DOM] Input elements should have autocomplete attributes (suggested: "current-password"): (More info: https://goo.gl/9p2vKq) %o @ http://localhost:8081/login:0
[  185671ms] [INFO] %cDownload the React DevTools for a better development experience: https://react.dev/link/react-devtools font-weight:bold @ http://localhost:8081/_next/static/chunks/node_modules_next_dist_1e8vcs8._.js:776
[  185701ms] [LOG] [HMR] connected @ http://localhost:8081/_next/static/chunks/node_modules_next_dist_1e8vcs8._.js:776
[  188905ms] [INFO] %cDownload the React DevTools for a better development experience: https://react.dev/link/react-devtools font-weight:bold @ http://localhost:8081/_next/static/chunks/node_modules_next_dist_1e8vcs8._.js:776
[  188992ms] [LOG] [HMR] connected @ http://localhost:8081/_next/static/chunks/node_modules_next_dist_1e8vcs8._.js:776
[  190278ms] [WARNING] Image with src "/homepage/about/story-banner.jpg" was detected as the Largest Contentful Paint (LCP). Please add the `loading="eager"` property if this image is above the fold.
Read more: https://nextjs.org/docs/app/api-reference/components/image#loading @ http://localhost:8081/_next/static/chunks/node_modules_next_dist_1e8vcs8._.js:776
[  192841ms] [INFO] %cDownload the React DevTools for a better development experience: https://react.dev/link/react-devtools font-weight:bold @ http://localhost:8081/_next/static/chunks/node_modules_next_dist_1e8vcs8._.js:776
[  192923ms] [LOG] [HMR] connected @ http://localhost:8081/_next/static/chunks/node_modules_next_dist_1e8vcs8._.js:776
[  196302ms] [INFO] %cDownload the React DevTools for a better development experience: https://react.dev/link/react-devtools font-weight:bold @ http://localhost:8081/_next/static/chunks/node_modules_next_dist_1e8vcs8._.js:776
[  196333ms] [LOG] [HMR] connected @ http://localhost:8081/_next/static/chunks/node_modules_next_dist_1e8vcs8._.js:776
[  199450ms] [INFO] %cDownload the React DevTools for a better development experience: https://react.dev/link/react-devtools font-weight:bold @ http://localhost:8081/_next/static/chunks/node_modules_next_dist_1e8vcs8._.js:776
[  199511ms] [LOG] [HMR] connected @ http://localhost:8081/_next/static/chunks/node_modules_next_dist_1e8vcs8._.js:776
[  202777ms] [INFO] %cDownload the React DevTools for a better development experience: https://react.dev/link/react-devtools font-weight:bold @ http://localhost:8081/_next/static/chunks/node_modules_next_dist_1e8vcs8._.js:776
[  202826ms] [LOG] [HMR] connected @ http://localhost:8081/_next/static/chunks/node_modules_next_dist_1e8vcs8._.js:776
[  203750ms] [LOG] Running with experiment IDs: [106288168] @ https://maps.googleapis.com/maps-api-v3/api/js/66/7/main.js:311
[  207056ms] [INFO] %cDownload the React DevTools for a better development experience: https://react.dev/link/react-devtools font-weight:bold @ http://localhost:8081/_next/static/chunks/node_modules_next_dist_1e8vcs8._.js:776
[  207130ms] [LOG] [HMR] connected @ http://localhost:8081/_next/static/chunks/node_modules_next_dist_1e8vcs8._.js:776
[  207465ms] [WARNING] Image with src "/homepage/about/store-banner.jpg" was detected as the Largest Contentful Paint (LCP). Please add the `loading="eager"` property if this image is above the fold.
Read more: https://nextjs.org/docs/app/api-reference/components/image#loading @ http://localhost:8081/_next/static/chunks/node_modules_next_dist_1e8vcs8._.js:776
[  207572ms] [LOG] Running with experiment IDs: [106288168] @ https://maps.googleapis.com/maps-api-v3/api/js/66/7/main.js:311
[  270722ms] [LOG] [Fast Refresh] rebuilding @ http://localhost:8081/_next/static/chunks/node_modules_next_dist_1e8vcs8._.js:776
[  270852ms] [LOG] [Fast Refresh] done in 237ms @ http://localhost:8081/_next/static/chunks/node_modules_next_dist_1e8vcs8._.js:776
[  271059ms] [LOG] [Fast Refresh] rebuilding @ http://localhost:8081/_next/static/chunks/node_modules_next_dist_1e8vcs8._.js:776
[  272257ms] [LOG] [Fast Refresh] done in 1297ms @ http://localhost:8081/_next/static/chunks/node_modules_next_dist_1e8vcs8._.js:776
[  273544ms] [INFO] %cDownload the React DevTools for a better development experience: https://react.dev/link/react-devtools font-weight:bold @ http://localhost:8081/_next/static/chunks/node_modules_next_dist_1e8vcs8._.js:776
[  273613ms] [LOG] [HMR] connected @ http://localhost:8081/_next/static/chunks/node_modules_next_dist_1e8vcs8._.js:776
[  273961ms] [WARNING] Image with src "/homepage/about/contact-band.jpg" was detected as the Largest Contentful Paint (LCP). Please add the `loading="eager"` property if this image is above the fold.
Read more: https://nextjs.org/docs/app/api-reference/components/image#loading @ http://localhost:8081/_next/static/chunks/node_modules_next_dist_1e8vcs8._.js:776
[  274103ms] [LOG] Running with experiment IDs: [106288168] @ https://maps.googleapis.com/maps-api-v3/api/js/66/7/main.js:311
[  278520ms] [INFO] %cDownload the React DevTools for a better development experience: https://react.dev/link/react-devtools font-weight:bold @ http://localhost:8081/_next/static/chunks/node_modules_next_dist_1e8vcs8._.js:776
[  278555ms] [LOG] [HMR] connected @ http://localhost:8081/_next/static/chunks/node_modules_next_dist_1e8vcs8._.js:776
[  278815ms] [WARNING] Image with src "/homepage/about/story-banner.jpg" was detected as the Largest Contentful Paint (LCP). Please add the `loading="eager"` property if this image is above the fold.
Read more: https://nextjs.org/docs/app/api-reference/components/image#loading @ http://localhost:8081/_next/static/chunks/node_modules_next_dist_1e8vcs8._.js:776
[  283158ms] [INFO] %cDownload the React DevTools for a better development experience: https://react.dev/link/react-devtools font-weight:bold @ http://localhost:8081/_next/static/chunks/node_modules_next_dist_1e8vcs8._.js:776
[  283247ms] [LOG] [HMR] connected @ http://localhost:8081/_next/static/chunks/node_modules_next_dist_1e8vcs8._.js:776
[  283612ms] [WARNING] Image with src "/homepage/about/store-banner.jpg" was detected as the Largest Contentful Paint (LCP). Please add the `loading="eager"` property if this image is above the fold.
Read more: https://nextjs.org/docs/app/api-reference/components/image#loading @ http://localhost:8081/_next/static/chunks/node_modules_next_dist_1e8vcs8._.js:776
[  285558ms] [LOG] Running with experiment IDs: [106288168] @ https://maps.googleapis.com/maps-api-v3/api/js/66/7/main.js:311
[  336707ms] [LOG] [Fast Refresh] rebuilding @ http://localhost:8081/_next/static/chunks/node_modules_next_dist_1e8vcs8._.js:776
[  337048ms] [LOG] [Fast Refresh] done in 438ms @ http://localhost:8081/_next/static/chunks/node_modules_next_dist_1e8vcs8._.js:776
[  337160ms] [ERROR] Failed to load resource: the server responded with a status of 404 (Not Found) @ http://localhost:8081/products/sindoor-red-pure-katan-silk-kadiyal-banarasi-handloom-saree:0
[  337849ms] [INFO] %cDownload the React DevTools for a better development experience: https://react.dev/link/react-devtools font-weight:bold @ http://localhost:8081/_next/static/chunks/node_modules_next_dist_1e8vcs8._.js:776
[  337989ms] [LOG] [HMR] connected @ http://localhost:8081/_next/static/chunks/node_modules_next_dist_1e8vcs8._.js:776
[  338109ms] TypeError: Failed to execute 'measure' on 'Performance': '​ProductPage' cannot have a negative time stamp.
    at flushComponentPerformance (http://localhost:8081/_next/static/chunks/node_modules_next_dist_compiled_react-server-dom-turbopack_164kp-6._.js:2206:45)
    at flushComponentPerformance (http://localhost:8081/_next/static/chunks/node_modules_next_dist_compiled_react-server-dom-turbopack_164kp-6._.js:2178:31)
    at flushInitialRenderPerformance (http://localhost:8081/_next/static/chunks/node_modules_next_dist_compiled_react-server-dom-turbopack_164kp-6._.js:2368:74)
[  352492ms] [INFO] %cDownload the React DevTools for a better development experience: https://react.dev/link/react-devtools font-weight:bold @ http://localhost:8081/_next/static/chunks/node_modules_next_dist_1e8vcs8._.js:776
[  352536ms] [LOG] [HMR] connected @ http://localhost:8081/_next/static/chunks/node_modules_next_dist_1e8vcs8._.js:776
[  354798ms] [INFO] %cDownload the React DevTools for a better development experience: https://react.dev/link/react-devtools font-weight:bold @ http://localhost:8081/_next/static/chunks/node_modules_next_dist_1e8vcs8._.js:776
[  354844ms] [LOG] [HMR] connected @ http://localhost:8081/_next/static/chunks/node_modules_next_dist_1e8vcs8._.js:776
[  440472ms] [LOG] [Fast Refresh] rebuilding @ http://localhost:8081/_next/static/chunks/node_modules_next_dist_1e8vcs8._.js:776
[  441444ms] [LOG] [Fast Refresh] done in 1026ms @ http://localhost:8081/_next/static/chunks/node_modules_next_dist_1e8vcs8._.js:776
[  442090ms] [LOG] [Fast Refresh] rebuilding @ http://localhost:8081/_next/static/chunks/node_modules_next_dist_1e8vcs8._.js:776
[  442554ms] [LOG] [Fast Refresh] done in 575ms @ http://localhost:8081/_next/static/chunks/node_modules_next_dist_1e8vcs8._.js:776
[  448305ms] [LOG] [Fast Refresh] rebuilding @ http://localhost:8081/_next/static/chunks/node_modules_next_dist_1e8vcs8._.js:776
[  448412ms] [LOG] [Fast Refresh] done in 222ms @ http://localhost:8081/_next/static/chunks/node_modules_next_dist_1e8vcs8._.js:776
[  497721ms] [LOG] [Fast Refresh] rebuilding @ http://localhost:8081/_next/static/chunks/node_modules_next_dist_1e8vcs8._.js:776
[  498158ms] [LOG] [Fast Refresh] done in 331ms @ http://localhost:8081/_next/static/chunks/node_modules_next_dist_1e8vcs8._.js:776
[  498539ms] [LOG] [Fast Refresh] done in 331ms @ http://localhost:8081/_next/static/chunks/node_modules_next_dist_1e8vcs8._.js:776
[  498980ms] [LOG] [Fast Refresh] done in 331ms @ http://localhost:8081/_next/static/chunks/node_modules_next_dist_1e8vcs8._.js:776
[  500519ms] [INFO] %cDownload the React DevTools for a better development experience: https://react.dev/link/react-devtools font-weight:bold @ http://localhost:8081/_next/static/chunks/node_modules_next_dist_1e8vcs8._.js:776
[  500610ms] [LOG] [HMR] connected @ http://localhost:8081/_next/static/chunks/node_modules_next_dist_1e8vcs8._.js:776
[  562502ms] [LOG] [Fast Refresh] rebuilding @ http://localhost:8081/_next/static/chunks/node_modules_next_dist_1e8vcs8._.js:776
[  562794ms] [LOG] [Fast Refresh] done in 353ms @ http://localhost:8081/_next/static/chunks/node_modules_next_dist_1e8vcs8._.js:776
[  588369ms] [LOG] [Fast Refresh] rebuilding @ http://localhost:8081/_next/static/chunks/node_modules_next_dist_1e8vcs8._.js:776
[  588583ms] [LOG] [Fast Refresh] done in 290ms @ http://localhost:8081/_next/static/chunks/node_modules_next_dist_1e8vcs8._.js:776
[  590634ms] [INFO] %cDownload the React DevTools for a better development experience: https://react.dev/link/react-devtools font-weight:bold @ http://localhost:8081/_next/static/chunks/node_modules_next_dist_1e8vcs8._.js:776
[  590705ms] [LOG] [HMR] connected @ http://localhost:8081/_next/static/chunks/node_modules_next_dist_1e8vcs8._.js:776
[  647724ms] [VERBOSE] [DOM] Input elements should have autocomplete attributes (suggested: "current-password"): (More info: https://goo.gl/9p2vKq) %o @ http://localhost:8081/account:0
[  647763ms] [INFO] %cDownload the React DevTools for a better development experience: https://react.dev/link/react-devtools font-weight:bold @ http://localhost:8081/_next/static/chunks/node_modules_next_dist_1e8vcs8._.js:776
[  647799ms] [LOG] [HMR] connected @ http://localhost:8081/_next/static/chunks/node_modules_next_dist_1e8vcs8._.js:776
[  651162ms] [INFO] %cDownload the React DevTools for a better development experience: https://react.dev/link/react-devtools font-weight:bold @ http://localhost:8081/_next/static/chunks/node_modules_next_dist_1e8vcs8._.js:776
[  651197ms] [LOG] [HMR] connected @ http://localhost:8081/_next/static/chunks/node_modules_next_dist_1e8vcs8._.js:776
[  654142ms] [INFO] %cDownload the React DevTools for a better development experience: https://react.dev/link/react-devtools font-weight:bold @ http://localhost:8081/_next/static/chunks/node_modules_next_dist_1e8vcs8._.js:776
[  654163ms] [LOG] [HMR] connected @ http://localhost:8081/_next/static/chunks/node_modules_next_dist_1e8vcs8._.js:776
[  657021ms] [INFO] %cDownload the React DevTools for a better development experience: https://react.dev/link/react-devtools font-weight:bold @ http://localhost:8081/_next/static/chunks/node_modules_next_dist_1e8vcs8._.js:776
[  657078ms] [LOG] [HMR] connected @ http://localhost:8081/_next/static/chunks/node_modules_next_dist_1e8vcs8._.js:776
[  659962ms] [INFO] %cDownload the React DevTools for a better development experience: https://react.dev/link/react-devtools font-weight:bold @ http://localhost:8081/_next/static/chunks/node_modules_next_dist_1e8vcs8._.js:776
[  659992ms] [LOG] [HMR] connected @ http://localhost:8081/_next/static/chunks/node_modules_next_dist_1e8vcs8._.js:776
[  661102ms] [WARNING] Image with src "/homepage/about/store-banner.jpg" was detected as the Largest Contentful Paint (LCP). Please add the `loading="eager"` property if this image is above the fold.
Read more: https://nextjs.org/docs/app/api-reference/components/image#loading @ http://localhost:8081/_next/static/chunks/node_modules_next_dist_1e8vcs8._.js:776
[  662654ms] [LOG] Running with experiment IDs: [106288168] @ https://maps.googleapis.com/maps-api-v3/api/js/66/7/main.js:311
[  664233ms] [INFO] %cDownload the React DevTools for a better development experience: https://react.dev/link/react-devtools font-weight:bold @ http://localhost:8081/_next/static/chunks/node_modules_next_dist_1e8vcs8._.js:776
[  664259ms] [LOG] [HMR] connected @ http://localhost:8081/_next/static/chunks/node_modules_next_dist_1e8vcs8._.js:776
[  665121ms] [LOG] Running with experiment IDs: [106288168] @ https://maps.googleapis.com/maps-api-v3/api/js/66/7/main.js:311
[  669900ms] [INFO] %cDownload the React DevTools for a better development experience: https://react.dev/link/react-devtools font-weight:bold @ http://localhost:8081/_next/static/chunks/node_modules_next_dist_1e8vcs8._.js:776
[  669994ms] [LOG] [HMR] connected @ http://localhost:8081/_next/static/chunks/node_modules_next_dist_1e8vcs8._.js:776
[  677323ms] [INFO] %cDownload the React DevTools for a better development experience: https://react.dev/link/react-devtools font-weight:bold @ http://localhost:8081/_next/static/chunks/node_modules_next_dist_1e8vcs8._.js:776
[  677374ms] [LOG] [HMR] connected @ http://localhost:8081/_next/static/chunks/node_modules_next_dist_1e8vcs8._.js:776
[  679845ms] [INFO] %cDownload the React DevTools for a better development experience: https://react.dev/link/react-devtools font-weight:bold @ http://localhost:8081/_next/static/chunks/node_modules_next_dist_1e8vcs8._.js:776
[  679897ms] [LOG] [HMR] connected @ http://localhost:8081/_next/static/chunks/node_modules_next_dist_1e8vcs8._.js:776
[  680014ms] [WARNING] Image with src "/reference-only/products/sindoor-red-katan-silk-kadiyal-saree/01.webp" was detected as the Largest Contentful Paint (LCP). Please add the `loading="eager"` property if this image is above the fold.
Read more: https://nextjs.org/docs/app/api-reference/components/image#loading @ http://localhost:8081/_next/static/chunks/node_modules_next_dist_1e8vcs8._.js:776
[  681962ms] [INFO] %cDownload the React DevTools for a better development experience: https://react.dev/link/react-devtools font-weight:bold @ http://localhost:8081/_next/static/chunks/node_modules_next_dist_1e8vcs8._.js:776
[  681989ms] [LOG] [HMR] connected @ http://localhost:8081/_next/static/chunks/node_modules_next_dist_1e8vcs8._.js:776
[  684555ms] [INFO] %cDownload the React DevTools for a better development experience: https://react.dev/link/react-devtools font-weight:bold @ http://localhost:8081/_next/static/chunks/node_modules_next_dist_1e8vcs8._.js:776
[  684594ms] [LOG] [HMR] connected @ http://localhost:8081/_next/static/chunks/node_modules_next_dist_1e8vcs8._.js:776
[  730288ms] [INFO] %cDownload the React DevTools for a better development experience: https://react.dev/link/react-devtools font-weight:bold @ http://localhost:8081/_next/static/chunks/node_modules_next_dist_1e8vcs8._.js:776
[  730331ms] [LOG] [HMR] connected @ http://localhost:8081/_next/static/chunks/node_modules_next_dist_1e8vcs8._.js:776
[  754766ms] [LOG] [Fast Refresh] rebuilding @ http://localhost:8081/_next/static/chunks/node_modules_next_dist_1e8vcs8._.js:776
[  755623ms] [ERROR] Failed to load resource: the server responded with a status of 500 (Internal Server Error) @ http://localhost:8081/products/sindoor-red-katan-silk-kadiyal-saree:0
[  755872ms] [ERROR] Failed to load resource: the server responded with a status of 500 (Internal Server Error) @ http://localhost:8081/products/sindoor-red-katan-silk-kadiyal-saree:0
[  756325ms] [INFO] %cDownload the React DevTools for a better development experience: https://react.dev/link/react-devtools font-weight:bold @ http://localhost:8081/_next/static/chunks/node_modules_react-dom_0kla17-._.js:15093
[  756484ms] Error: An unexpected Turbopack error occurred. Please see the output of `next dev` for more details.
    at getServerError (http://localhost:8081/_next/static/chunks/node_modules_next_dist_1gdrd03._.js:1996:62)
    at http://localhost:8081/_next/static/chunks/node_modules_next_dist_client_16lnmlo._.js:4248:27
[  756481ms] [LOG] [HMR] connected @ http://localhost:8081/_next/static/chunks/node_modules_next_dist_1gdrd03._.js:756
[  757181ms] [ERROR] Failed to load resource: the server responded with a status of 500 (Internal Server Error) @ http://localhost:8081/products/sindoor-red-katan-silk-kadiyal-saree:0
[  757258ms] [INFO] %cDownload the React DevTools for a better development experience: https://react.dev/link/react-devtools font-weight:bold @ http://localhost:8081/_next/static/chunks/node_modules_react-dom_0kla17-._.js:15093
[  757280ms] Error: An unexpected Turbopack error occurred. Please see the output of `next dev` for more details.
    at getServerError (http://localhost:8081/_next/static/chunks/node_modules_next_dist_1gdrd03._.js:1996:62)
    at http://localhost:8081/_next/static/chunks/node_modules_next_dist_client_16lnmlo._.js:4248:27
[  757280ms] [LOG] [HMR] connected @ http://localhost:8081/_next/static/chunks/node_modules_next_dist_1gdrd03._.js:756
[  757845ms] [ERROR] Failed to load resource: the server responded with a status of 500 (Internal Server Error) @ http://localhost:8081/collections/sarees:0
[  757886ms] [INFO] %cDownload the React DevTools for a better development experience: https://react.dev/link/react-devtools font-weight:bold @ http://localhost:8081/_next/static/chunks/node_modules_react-dom_0kla17-._.js:15093
[  757905ms] Error: An unexpected Turbopack error occurred. Please see the output of `next dev` for more details.
    at getServerError (http://localhost:8081/_next/static/chunks/node_modules_next_dist_1gdrd03._.js:1996:62)
    at http://localhost:8081/_next/static/chunks/node_modules_next_dist_client_16lnmlo._.js:4248:27
[  757904ms] [LOG] [HMR] connected @ http://localhost:8081/_next/static/chunks/node_modules_next_dist_1gdrd03._.js:756
[  758199ms] [ERROR] Failed to load resource: the server responded with a status of 500 (Internal Server Error) @ http://localhost:8081/collections/sarees:0
[  758250ms] [INFO] %cDownload the React DevTools for a better development experience: https://react.dev/link/react-devtools font-weight:bold @ http://localhost:8081/_next/static/chunks/node_modules_react-dom_0kla17-._.js:15093
[  758269ms] Error: An unexpected Turbopack error occurred. Please see the output of `next dev` for more details.
    at getServerError (http://localhost:8081/_next/static/chunks/node_modules_next_dist_1gdrd03._.js:1996:62)
    at http://localhost:8081/_next/static/chunks/node_modules_next_dist_client_16lnmlo._.js:4248:27
[  758266ms] [LOG] [HMR] connected @ http://localhost:8081/_next/static/chunks/node_modules_next_dist_1gdrd03._.js:756
[  759201ms] [ERROR] Failed to load resource: the server responded with a status of 500 (Internal Server Error) @ http://localhost:8081/collections/sarees:0
[  759242ms] [INFO] %cDownload the React DevTools for a better development experience: https://react.dev/link/react-devtools font-weight:bold @ http://localhost:8081/_next/static/chunks/node_modules_react-dom_0kla17-._.js:15093
[  759258ms] Error: An unexpected Turbopack error occurred. Please see the output of `next dev` for more details.
    at getServerError (http://localhost:8081/_next/static/chunks/node_modules_next_dist_1gdrd03._.js:1996:62)
    at http://localhost:8081/_next/static/chunks/node_modules_next_dist_client_16lnmlo._.js:4248:27
[  759269ms] [LOG] [HMR] connected @ http://localhost:8081/_next/static/chunks/node_modules_next_dist_1gdrd03._.js:756
[  759277ms] [ERROR] Failed to load resource: the server responded with a status of 500 (Internal Server Error) @ http://localhost:8081/cart:0
[  759326ms] [INFO] %cDownload the React DevTools for a better development experience: https://react.dev/link/react-devtools font-weight:bold @ http://localhost:8081/_next/static/chunks/node_modules_react-dom_0kla17-._.js:15093
[  759341ms] Error: An unexpected Turbopack error occurred. Please see the output of `next dev` for more details.
    at getServerError (http://localhost:8081/_next/static/chunks/node_modules_next_dist_1gdrd03._.js:1996:62)
    at http://localhost:8081/_next/static/chunks/node_modules_next_dist_client_16lnmlo._.js:4248:27
[  759340ms] [LOG] [HMR] connected @ http://localhost:8081/_next/static/chunks/node_modules_next_dist_1gdrd03._.js:756
[  760212ms] [ERROR] Failed to load resource: the server responded with a status of 500 (Internal Server Error) @ http://localhost:8081/cart:0
[  760254ms] [INFO] %cDownload the React DevTools for a better development experience: https://react.dev/link/react-devtools font-weight:bold @ http://localhost:8081/_next/static/chunks/node_modules_react-dom_0kla17-._.js:15093
[  760272ms] Error: An unexpected Turbopack error occurred. Please see the output of `next dev` for more details.
    at getServerError (http://localhost:8081/_next/static/chunks/node_modules_next_dist_1gdrd03._.js:1996:62)
    at http://localhost:8081/_next/static/chunks/node_modules_next_dist_client_16lnmlo._.js:4248:27
[  760271ms] [LOG] [HMR] connected @ http://localhost:8081/_next/static/chunks/node_modules_next_dist_1gdrd03._.js:756
[  760695ms] [ERROR] Failed to load resource: the server responded with a status of 500 (Internal Server Error) @ http://localhost:8081/pages/our-story:0
[  760735ms] [INFO] %cDownload the React DevTools for a better development experience: https://react.dev/link/react-devtools font-weight:bold @ http://localhost:8081/_next/static/chunks/node_modules_react-dom_0kla17-._.js:15093
[  760751ms] Error: An unexpected Turbopack error occurred. Please see the output of `next dev` for more details.
    at getServerError (http://localhost:8081/_next/static/chunks/node_modules_next_dist_1gdrd03._.js:1996:62)
    at http://localhost:8081/_next/static/chunks/node_modules_next_dist_client_16lnmlo._.js:4248:27
[  760751ms] [LOG] [HMR] connected @ http://localhost:8081/_next/static/chunks/node_modules_next_dist_1gdrd03._.js:756
[  761233ms] [ERROR] Failed to load resource: the server responded with a status of 500 (Internal Server Error) @ http://localhost:8081/pages/our-story:0
[  761277ms] [INFO] %cDownload the React DevTools for a better development experience: https://react.dev/link/react-devtools font-weight:bold @ http://localhost:8081/_next/static/chunks/node_modules_react-dom_0kla17-._.js:15093
[  761292ms] Error: An unexpected Turbopack error occurred. Please see the output of `next dev` for more details.
    at getServerError (http://localhost:8081/_next/static/chunks/node_modules_next_dist_1gdrd03._.js:1996:62)
    at http://localhost:8081/_next/static/chunks/node_modules_next_dist_client_16lnmlo._.js:4248:27
[  761292ms] [LOG] [HMR] connected @ http://localhost:8081/_next/static/chunks/node_modules_next_dist_1gdrd03._.js:756
[  762117ms] [ERROR] Failed to load resource: the server responded with a status of 500 (Internal Server Error) @ http://localhost:8081/pages/banaras-store:0
[  762162ms] [INFO] %cDownload the React DevTools for a better development experience: https://react.dev/link/react-devtools font-weight:bold @ http://localhost:8081/_next/static/chunks/node_modules_react-dom_0kla17-._.js:15093
[  762181ms] Error: An unexpected Turbopack error occurred. Please see the output of `next dev` for more details.
    at getServerError (http://localhost:8081/_next/static/chunks/node_modules_next_dist_1gdrd03._.js:1996:62)
    at http://localhost:8081/_next/static/chunks/node_modules_next_dist_client_16lnmlo._.js:4248:27
[  762180ms] [LOG] [HMR] connected @ http://localhost:8081/_next/static/chunks/node_modules_next_dist_1gdrd03._.js:756
[  762259ms] [ERROR] Failed to load resource: the server responded with a status of 500 (Internal Server Error) @ http://localhost:8081/pages/banaras-store:0
[  762305ms] [INFO] %cDownload the React DevTools for a better development experience: https://react.dev/link/react-devtools font-weight:bold @ http://localhost:8081/_next/static/chunks/node_modules_react-dom_0kla17-._.js:15093
[  762322ms] Error: An unexpected Turbopack error occurred. Please see the output of `next dev` for more details.
    at getServerError (http://localhost:8081/_next/static/chunks/node_modules_next_dist_1gdrd03._.js:1996:62)
    at http://localhost:8081/_next/static/chunks/node_modules_next_dist_client_16lnmlo._.js:4248:27
[  762321ms] [LOG] [HMR] connected @ http://localhost:8081/_next/static/chunks/node_modules_next_dist_1gdrd03._.js:756
[  763299ms] [ERROR] Failed to load resource: the server responded with a status of 500 (Internal Server Error) @ http://localhost:8081/pages/banaras-store:0
[  763367ms] [INFO] %cDownload the React DevTools for a better development experience: https://react.dev/link/react-devtools font-weight:bold @ http://localhost:8081/_next/static/chunks/node_modules_react-dom_0kla17-._.js:15093
[  763390ms] Error: An unexpected Turbopack error occurred. Please see the output of `next dev` for more details.
    at getServerError (http://localhost:8081/_next/static/chunks/node_modules_next_dist_1gdrd03._.js:1996:62)
    at http://localhost:8081/_next/static/chunks/node_modules_next_dist_client_16lnmlo._.js:4248:27
[  763390ms] [LOG] [HMR] connected @ http://localhost:8081/_next/static/chunks/node_modules_next_dist_1gdrd03._.js:756
[  763559ms] [ERROR] Failed to load resource: the server responded with a status of 500 (Internal Server Error) @ http://localhost:8081/pages/contact:0
[  763621ms] [INFO] %cDownload the React DevTools for a better development experience: https://react.dev/link/react-devtools font-weight:bold @ http://localhost:8081/_next/static/chunks/node_modules_react-dom_0kla17-._.js:15093
[  763647ms] Error: An unexpected Turbopack error occurred. Please see the output of `next dev` for more details.
    at getServerError (http://localhost:8081/_next/static/chunks/node_modules_next_dist_1gdrd03._.js:1996:62)
    at http://localhost:8081/_next/static/chunks/node_modules_next_dist_client_16lnmlo._.js:4248:27
[  763643ms] [LOG] [HMR] connected @ http://localhost:8081/_next/static/chunks/node_modules_next_dist_1gdrd03._.js:756
[  764310ms] [ERROR] Failed to load resource: the server responded with a status of 500 (Internal Server Error) @ http://localhost:8081/pages/contact:0
[  764405ms] [INFO] %cDownload the React DevTools for a better development experience: https://react.dev/link/react-devtools font-weight:bold @ http://localhost:8081/_next/static/chunks/node_modules_react-dom_0kla17-._.js:15093
[  764436ms] Error: An unexpected Turbopack error occurred. Please see the output of `next dev` for more details.
    at getServerError (http://localhost:8081/_next/static/chunks/node_modules_next_dist_1gdrd03._.js:1996:62)
    at http://localhost:8081/_next/static/chunks/node_modules_next_dist_client_16lnmlo._.js:4248:27
[  764431ms] [LOG] [HMR] connected @ http://localhost:8081/_next/static/chunks/node_modules_next_dist_1gdrd03._.js:756
[  765031ms] [ERROR] Failed to load resource: the server responded with a status of 500 (Internal Server Error) @ http://localhost:8081/pages/size-guide:0
[  765096ms] [INFO] %cDownload the React DevTools for a better development experience: https://react.dev/link/react-devtools font-weight:bold @ http://localhost:8081/_next/static/chunks/node_modules_react-dom_0kla17-._.js:15093
[  765125ms] Error: An unexpected Turbopack error occurred. Please see the output of `next dev` for more details.
    at getServerError (http://localhost:8081/_next/static/chunks/node_modules_next_dist_1gdrd03._.js:1996:62)
    at http://localhost:8081/_next/static/chunks/node_modules_next_dist_client_16lnmlo._.js:4248:27
[  765123ms] [LOG] [HMR] connected @ http://localhost:8081/_next/static/chunks/node_modules_next_dist_1gdrd03._.js:756
[  765329ms] [ERROR] Failed to load resource: the server responded with a status of 500 (Internal Server Error) @ http://localhost:8081/pages/size-guide:0
[  765412ms] [INFO] %cDownload the React DevTools for a better development experience: https://react.dev/link/react-devtools font-weight:bold @ http://localhost:8081/_next/static/chunks/node_modules_react-dom_0kla17-._.js:15093
[  765441ms] Error: An unexpected Turbopack error occurred. Please see the output of `next dev` for more details.
    at getServerError (http://localhost:8081/_next/static/chunks/node_modules_next_dist_1gdrd03._.js:1996:62)
    at http://localhost:8081/_next/static/chunks/node_modules_next_dist_client_16lnmlo._.js:4248:27
[  765439ms] [LOG] [HMR] connected @ http://localhost:8081/_next/static/chunks/node_modules_next_dist_1gdrd03._.js:756
[  766326ms] [ERROR] Failed to load resource: the server responded with a status of 500 (Internal Server Error) @ http://localhost:8081/pages/size-guide:0
[  766394ms] [INFO] %cDownload the React DevTools for a better development experience: https://react.dev/link/react-devtools font-weight:bold @ http://localhost:8081/_next/static/chunks/node_modules_react-dom_0kla17-._.js:15093
[  766420ms] Error: An unexpected Turbopack error occurred. Please see the output of `next dev` for more details.
    at getServerError (http://localhost:8081/_next/static/chunks/node_modules_next_dist_1gdrd03._.js:1996:62)
    at http://localhost:8081/_next/static/chunks/node_modules_next_dist_client_16lnmlo._.js:4248:27
[  766417ms] [LOG] [HMR] connected @ http://localhost:8081/_next/static/chunks/node_modules_next_dist_1gdrd03._.js:756
[  766535ms] [ERROR] Failed to load resource: the server responded with a status of 500 (Internal Server Error) @ http://localhost:8081/search?q=red:0
[  766592ms] [INFO] %cDownload the React DevTools for a better development experience: https://react.dev/link/react-devtools font-weight:bold @ http://localhost:8081/_next/static/chunks/node_modules_react-dom_0kla17-._.js:15093
[  766607ms] Error: An unexpected Turbopack error occurred. Please see the output of `next dev` for more details.
    at getServerError (http://localhost:8081/_next/static/chunks/node_modules_next_dist_1gdrd03._.js:1996:62)
    at http://localhost:8081/_next/static/chunks/node_modules_next_dist_client_16lnmlo._.js:4248:27
[  766603ms] [LOG] [HMR] connected @ http://localhost:8081/_next/static/chunks/node_modules_next_dist_1gdrd03._.js:756
[  767320ms] [ERROR] Failed to load resource: the server responded with a status of 500 (Internal Server Error) @ http://localhost:8081/search?q=red:0
[  767363ms] [INFO] %cDownload the React DevTools for a better development experience: https://react.dev/link/react-devtools font-weight:bold @ http://localhost:8081/_next/static/chunks/node_modules_react-dom_0kla17-._.js:15093
[  767383ms] Error: An unexpected Turbopack error occurred. Please see the output of `next dev` for more details.
    at getServerError (http://localhost:8081/_next/static/chunks/node_modules_next_dist_1gdrd03._.js:1996:62)
    at http://localhost:8081/_next/static/chunks/node_modules_next_dist_client_16lnmlo._.js:4248:27
[  767380ms] [LOG] [HMR] connected @ http://localhost:8081/_next/static/chunks/node_modules_next_dist_1gdrd03._.js:756
[  767965ms] [ERROR] Failed to load resource: the server responded with a status of 500 (Internal Server Error) @ http://localhost:8081/account:0
[  768006ms] [INFO] %cDownload the React DevTools for a better development experience: https://react.dev/link/react-devtools font-weight:bold @ http://localhost:8081/_next/static/chunks/node_modules_react-dom_0kla17-._.js:15093
[  768022ms] Error: An unexpected Turbopack error occurred. Please see the output of `next dev` for more details.
    at getServerError (http://localhost:8081/_next/static/chunks/node_modules_next_dist_1gdrd03._.js:1996:62)
    at http://localhost:8081/_next/static/chunks/node_modules_next_dist_client_16lnmlo._.js:4248:27
[  768022ms] [LOG] [HMR] connected @ http://localhost:8081/_next/static/chunks/node_modules_next_dist_1gdrd03._.js:756
[  768337ms] [ERROR] Failed to load resource: the server responded with a status of 500 (Internal Server Error) @ http://localhost:8081/account:0
[  768370ms] [INFO] %cDownload the React DevTools for a better development experience: https://react.dev/link/react-devtools font-weight:bold @ http://localhost:8081/_next/static/chunks/node_modules_react-dom_0kla17-._.js:15093
[  768389ms] Error: An unexpected Turbopack error occurred. Please see the output of `next dev` for more details.
    at getServerError (http://localhost:8081/_next/static/chunks/node_modules_next_dist_1gdrd03._.js:1996:62)
    at http://localhost:8081/_next/static/chunks/node_modules_next_dist_client_16lnmlo._.js:4248:27
[  768387ms] [LOG] [HMR] connected @ http://localhost:8081/_next/static/chunks/node_modules_next_dist_1gdrd03._.js:756
[  769375ms] [ERROR] Failed to load resource: the server responded with a status of 500 (Internal Server Error) @ http://localhost:8081/account:0
[  769456ms] [INFO] %cDownload the React DevTools for a better development experience: https://react.dev/link/react-devtools font-weight:bold @ http://localhost:8081/_next/static/chunks/node_modules_react-dom_0kla17-._.js:15093
[  769481ms] Error: An unexpected Turbopack error occurred. Please see the output of `next dev` for more details.
    at getServerError (http://localhost:8081/_next/static/chunks/node_modules_next_dist_1gdrd03._.js:1996:62)
    at http://localhost:8081/_next/static/chunks/node_modules_next_dist_client_16lnmlo._.js:4248:27
[  769481ms] [LOG] [HMR] connected @ http://localhost:8081/_next/static/chunks/node_modules_next_dist_1gdrd03._.js:756
[  770397ms] [ERROR] Failed to load resource: the server responded with a status of 500 (Internal Server Error) @ http://localhost:8081/account:0
[  770482ms] [INFO] %cDownload the React DevTools for a better development experience: https://react.dev/link/react-devtools font-weight:bold @ http://localhost:8081/_next/static/chunks/node_modules_react-dom_0kla17-._.js:15093
[  770508ms] Error: An unexpected Turbopack error occurred. Please see the output of `next dev` for more details.
    at getServerError (http://localhost:8081/_next/static/chunks/node_modules_next_dist_1gdrd03._.js:1996:62)
    at http://localhost:8081/_next/static/chunks/node_modules_next_dist_client_16lnmlo._.js:4248:27
[  770509ms] [LOG] [HMR] connected @ http://localhost:8081/_next/static/chunks/node_modules_next_dist_1gdrd03._.js:756
[  771381ms] [ERROR] Failed to load resource: the server responded with a status of 500 (Internal Server Error) @ http://localhost:8081/account:0
[  771431ms] [INFO] %cDownload the React DevTools for a better development experience: https://react.dev/link/react-devtools font-weight:bold @ http://localhost:8081/_next/static/chunks/node_modules_react-dom_0kla17-._.js:15093
[  771448ms] Error: An unexpected Turbopack error occurred. Please see the output of `next dev` for more details.
    at getServerError (http://localhost:8081/_next/static/chunks/node_modules_next_dist_1gdrd03._.js:1996:62)
    at http://localhost:8081/_next/static/chunks/node_modules_next_dist_client_16lnmlo._.js:4248:27
[  771446ms] [LOG] [HMR] connected @ http://localhost:8081/_next/static/chunks/node_modules_next_dist_1gdrd03._.js:756
[  772425ms] [ERROR] Failed to load resource: the server responded with a status of 500 (Internal Server Error) @ http://localhost:8081/account:0
[  772496ms] [INFO] %cDownload the React DevTools for a better development experience: https://react.dev/link/react-devtools font-weight:bold @ http://localhost:8081/_next/static/chunks/node_modules_react-dom_0kla17-._.js:15093
[  772518ms] Error: An unexpected Turbopack error occurred. Please see the output of `next dev` for more details.
    at getServerError (http://localhost:8081/_next/static/chunks/node_modules_next_dist_1gdrd03._.js:1996:62)
    at http://localhost:8081/_next/static/chunks/node_modules_next_dist_client_16lnmlo._.js:4248:27
[  772516ms] [LOG] [HMR] connected @ http://localhost:8081/_next/static/chunks/node_modules_next_dist_1gdrd03._.js:756
[  773433ms] [ERROR] Failed to load resource: the server responded with a status of 500 (Internal Server Error) @ http://localhost:8081/account:0
[  773483ms] [INFO] %cDownload the React DevTools for a better development experience: https://react.dev/link/react-devtools font-weight:bold @ http://localhost:8081/_next/static/chunks/node_modules_react-dom_0kla17-._.js:15093
[  773500ms] Error: An unexpected Turbopack error occurred. Please see the output of `next dev` for more details.
    at getServerError (http://localhost:8081/_next/static/chunks/node_modules_next_dist_1gdrd03._.js:1996:62)
    at http://localhost:8081/_next/static/chunks/node_modules_next_dist_client_16lnmlo._.js:4248:27
[  773498ms] [LOG] [HMR] connected @ http://localhost:8081/_next/static/chunks/node_modules_next_dist_1gdrd03._.js:756
[  774470ms] [ERROR] Failed to load resource: the server responded with a status of 500 (Internal Server Error) @ http://localhost:8081/account:0
[  774549ms] [INFO] %cDownload the React DevTools for a better development experience: https://react.dev/link/react-devtools font-weight:bold @ http://localhost:8081/_next/static/chunks/node_modules_react-dom_0kla17-._.js:15093
[  774572ms] Error: An unexpected Turbopack error occurred. Please see the output of `next dev` for more details.
    at getServerError (http://localhost:8081/_next/static/chunks/node_modules_next_dist_1gdrd03._.js:1996:62)
    at http://localhost:8081/_next/static/chunks/node_modules_next_dist_client_16lnmlo._.js:4248:27
[  774569ms] [LOG] [HMR] connected @ http://localhost:8081/_next/static/chunks/node_modules_next_dist_1gdrd03._.js:756
[  775534ms] [ERROR] Failed to load resource: the server responded with a status of 500 (Internal Server Error) @ http://localhost:8081/account:0
[  775639ms] [INFO] %cDownload the React DevTools for a better development experience: https://react.dev/link/react-devtools font-weight:bold @ http://localhost:8081/_next/static/chunks/node_modules_react-dom_0kla17-._.js:15093
[  775663ms] Error: An unexpected Turbopack error occurred. Please see the output of `next dev` for more details.
    at getServerError (http://localhost:8081/_next/static/chunks/node_modules_next_dist_1gdrd03._.js:1996:62)
    at http://localhost:8081/_next/static/chunks/node_modules_next_dist_client_16lnmlo._.js:4248:27
[  775664ms] [LOG] [HMR] connected @ http://localhost:8081/_next/static/chunks/node_modules_next_dist_1gdrd03._.js:756
[  776585ms] [ERROR] Failed to load resource: the server responded with a status of 500 (Internal Server Error) @ http://localhost:8081/account:0
[  776659ms] [INFO] %cDownload the React DevTools for a better development experience: https://react.dev/link/react-devtools font-weight:bold @ http://localhost:8081/_next/static/chunks/node_modules_react-dom_0kla17-._.js:15093
[  776673ms] Error: An unexpected Turbopack error occurred. Please see the output of `next dev` for more details.
    at getServerError (http://localhost:8081/_next/static/chunks/node_modules_next_dist_1gdrd03._.js:1996:62)
    at http://localhost:8081/_next/static/chunks/node_modules_next_dist_client_16lnmlo._.js:4248:27
[  776684ms] [LOG] [HMR] connected @ http://localhost:8081/_next/static/chunks/node_modules_next_dist_1gdrd03._.js:756
[  777529ms] [LOG] [Fast Refresh] done in 644ms @ http://localhost:8081/_next/static/chunks/node_modules_next_dist_1gdrd03._.js:756
[  777552ms] [ERROR] Failed to load resource: the server responded with a status of 500 (Internal Server Error) @ http://localhost:8081/account:0
[  777652ms] [INFO] %cDownload the React DevTools for a better development experience: https://react.dev/link/react-devtools font-weight:bold @ http://localhost:8081/_next/static/chunks/node_modules_react-dom_0kla17-._.js:15093
[  777664ms] Error: An unexpected Turbopack error occurred. Please see the output of `next dev` for more details.
    at getServerError (http://localhost:8081/_next/static/chunks/node_modules_next_dist_1gdrd03._.js:1996:62)
    at http://localhost:8081/_next/static/chunks/node_modules_next_dist_client_16lnmlo._.js:4248:27
[  777672ms] [LOG] [HMR] connected @ http://localhost:8081/_next/static/chunks/node_modules_next_dist_1gdrd03._.js:756
[  778610ms] [ERROR] Failed to load resource: the server responded with a status of 500 (Internal Server Error) @ http://localhost:8081/account:0
[  778667ms] [INFO] %cDownload the React DevTools for a better development experience: https://react.dev/link/react-devtools font-weight:bold @ http://localhost:8081/_next/static/chunks/node_modules_react-dom_0kla17-._.js:15093
[  778683ms] Error: An unexpected Turbopack error occurred. Please see the output of `next dev` for more details.
    at getServerError (http://localhost:8081/_next/static/chunks/node_modules_next_dist_1gdrd03._.js:1996:62)
    at http://localhost:8081/_next/static/chunks/node_modules_next_dist_client_16lnmlo._.js:4248:27
[  778692ms] [LOG] [HMR] connected @ http://localhost:8081/_next/static/chunks/node_modules_next_dist_1gdrd03._.js:756
[  779628ms] [ERROR] Failed to load resource: the server responded with a status of 500 (Internal Server Error) @ http://localhost:8081/account:0
[  779745ms] [INFO] %cDownload the React DevTools for a better development experience: https://react.dev/link/react-devtools font-weight:bold @ http://localhost:8081/_next/static/chunks/node_modules_react-dom_0kla17-._.js:15093
[  779756ms] Error: An unexpected Turbopack error occurred. Please see the output of `next dev` for more details.
    at getServerError (http://localhost:8081/_next/static/chunks/node_modules_next_dist_1gdrd03._.js:1996:62)
    at http://localhost:8081/_next/static/chunks/node_modules_next_dist_client_16lnmlo._.js:4248:27
[  779774ms] [LOG] [HMR] connected @ http://localhost:8081/_next/static/chunks/node_modules_next_dist_1gdrd03._.js:756
[  780628ms] [ERROR] Failed to load resource: the server responded with a status of 500 (Internal Server Error) @ http://localhost:8081/account:0
[  780693ms] [INFO] %cDownload the React DevTools for a better development experience: https://react.dev/link/react-devtools font-weight:bold @ http://localhost:8081/_next/static/chunks/node_modules_react-dom_0kla17-._.js:15093
[  780709ms] Error: An unexpected Turbopack error occurred. Please see the output of `next dev` for more details.
    at getServerError (http://localhost:8081/_next/static/chunks/node_modules_next_dist_1gdrd03._.js:1996:62)
    at http://localhost:8081/_next/static/chunks/node_modules_next_dist_client_16lnmlo._.js:4248:27
[  780718ms] [LOG] [HMR] connected @ http://localhost:8081/_next/static/chunks/node_modules_next_dist_1gdrd03._.js:756
[  781674ms] [ERROR] Failed to load resource: the server responded with a status of 500 (Internal Server Error) @ http://localhost:8081/account:0
[  781782ms] [ERROR] Failed to load resource: the server responded with a status of 500 (Internal Server Error) @ http://localhost:8081/products/sindoor-red-katan-silk-kadiyal-saree:0
[  781913ms] [ERROR] Failed to load resource: the server responded with a status of 500 (Internal Server Error) @ http://localhost:8081/collections/sarees:0
[  782050ms] [ERROR] Failed to load resource: the server responded with a status of 500 (Internal Server Error) @ http://localhost:8081/cart:0
[  782195ms] [ERROR] Failed to load resource: the server responded with a status of 500 (Internal Server Error) @ http://localhost:8081/pages/our-story:0
[  782296ms] [ERROR] Failed to load resource: the server responded with a status of 500 (Internal Server Error) @ http://localhost:8081/pages/banaras-store:0
[  782396ms] [ERROR] Failed to load resource: the server responded with a status of 500 (Internal Server Error) @ http://localhost:8081/pages/contact:0
[  782520ms] [ERROR] Failed to load resource: the server responded with a status of 500 (Internal Server Error) @ http://localhost:8081/pages/size-guide:0
[  782693ms] [ERROR] Failed to load resource: the server responded with a status of 500 (Internal Server Error) @ http://localhost:8081/search?q=red:0
[  782864ms] [ERROR] Failed to load resource: the server responded with a status of 500 (Internal Server Error) @ http://localhost:8081/account:0
[  783056ms] [ERROR] Failed to load resource: the server responded with a status of 500 (Internal Server Error) @ http://localhost:8081/wishlist:0
[  783207ms] [ERROR] Failed to load resource: the server responded with a status of 500 (Internal Server Error) @ http://localhost:8081/pages/faqs:0
[  783331ms] [ERROR] Failed to load resource: the server responded with a status of 500 (Internal Server Error) @ http://localhost:8081/:0
[  783475ms] [INFO] %cDownload the React DevTools for a better development experience: https://react.dev/link/react-devtools font-weight:bold @ http://localhost:8081/_next/static/chunks/node_modules_react-dom_0kla17-._.js:15093
[  783491ms] Error: An unexpected Turbopack error occurred. Please see the output of `next dev` for more details.
    at getServerError (http://localhost:8081/_next/static/chunks/node_modules_next_dist_1gdrd03._.js:1996:62)
    at http://localhost:8081/_next/static/chunks/node_modules_next_dist_client_16lnmlo._.js:4248:27
[  783490ms] [LOG] [HMR] connected @ http://localhost:8081/_next/static/chunks/node_modules_next_dist_1gdrd03._.js:756
[  783730ms] [ERROR] Failed to load resource: the server responded with a status of 500 (Internal Server Error) @ http://localhost:8081/:0
[  783853ms] [INFO] %cDownload the React DevTools for a better development experience: https://react.dev/link/react-devtools font-weight:bold @ http://localhost:8081/_next/static/chunks/node_modules_react-dom_0kla17-._.js:15093
[  783873ms] Error: An unexpected Turbopack error occurred. Please see the output of `next dev` for more details.
    at getServerError (http://localhost:8081/_next/static/chunks/node_modules_next_dist_1gdrd03._.js:1996:62)
    at http://localhost:8081/_next/static/chunks/node_modules_next_dist_client_16lnmlo._.js:4248:27
[  783876ms] [LOG] [HMR] connected @ http://localhost:8081/_next/static/chunks/node_modules_next_dist_1gdrd03._.js:756
[  784715ms] [ERROR] Failed to load resource: the server responded with a status of 500 (Internal Server Error) @ http://localhost:8081/:0
[  784810ms] [INFO] %cDownload the React DevTools for a better development experience: https://react.dev/link/react-devtools font-weight:bold @ http://localhost:8081/_next/static/chunks/node_modules_react-dom_0kla17-._.js:15093
[  784827ms] Error: An unexpected Turbopack error occurred. Please see the output of `next dev` for more details.
    at getServerError (http://localhost:8081/_next/static/chunks/node_modules_next_dist_1gdrd03._.js:1996:62)
    at http://localhost:8081/_next/static/chunks/node_modules_next_dist_client_16lnmlo._.js:4248:27
[  784836ms] [LOG] [HMR] connected @ http://localhost:8081/_next/static/chunks/node_modules_next_dist_1gdrd03._.js:756
[  785774ms] [ERROR] Failed to load resource: the server responded with a status of 500 (Internal Server Error) @ http://localhost:8081/:0
[  785862ms] [INFO] %cDownload the React DevTools for a better development experience: https://react.dev/link/react-devtools font-weight:bold @ http://localhost:8081/_next/static/chunks/node_modules_react-dom_0kla17-._.js:15093
[  785890ms] Error: An unexpected Turbopack error occurred. Please see the output of `next dev` for more details.
    at getServerError (http://localhost:8081/_next/static/chunks/node_modules_next_dist_1gdrd03._.js:1996:62)
    at http://localhost:8081/_next/static/chunks/node_modules_next_dist_client_16lnmlo._.js:4248:27
[  785890ms] [LOG] [HMR] connected @ http://localhost:8081/_next/static/chunks/node_modules_next_dist_1gdrd03._.js:756
[  786706ms] [ERROR] Failed to load resource: the server responded with a status of 500 (Internal Server Error) @ http://localhost:8081/:0
[  786775ms] [INFO] %cDownload the React DevTools for a better development experience: https://react.dev/link/react-devtools font-weight:bold @ http://localhost:8081/_next/static/chunks/node_modules_react-dom_0kla17-._.js:15093
[  786800ms] Error: An unexpected Turbopack error occurred. Please see the output of `next dev` for more details.
    at getServerError (http://localhost:8081/_next/static/chunks/node_modules_next_dist_1gdrd03._.js:1996:62)
    at http://localhost:8081/_next/static/chunks/node_modules_next_dist_client_16lnmlo._.js:4248:27
[  786805ms] [LOG] [HMR] connected @ http://localhost:8081/_next/static/chunks/node_modules_next_dist_1gdrd03._.js:756
[  787712ms] [ERROR] Failed to load resource: the server responded with a status of 500 (Internal Server Error) @ http://localhost:8081/:0
[  787783ms] [INFO] %cDownload the React DevTools for a better development experience: https://react.dev/link/react-devtools font-weight:bold @ http://localhost:8081/_next/static/chunks/node_modules_react-dom_0kla17-._.js:15093
[  787809ms] Error: An unexpected Turbopack error occurred. Please see the output of `next dev` for more details.
    at getServerError (http://localhost:8081/_next/static/chunks/node_modules_next_dist_1gdrd03._.js:1996:62)
    at http://localhost:8081/_next/static/chunks/node_modules_next_dist_client_16lnmlo._.js:4248:27
[  787808ms] [LOG] [HMR] connected @ http://localhost:8081/_next/static/chunks/node_modules_next_dist_1gdrd03._.js:756
[  788735ms] [ERROR] Failed to load resource: the server responded with a status of 500 (Internal Server Error) @ http://localhost:8081/:0
[  788804ms] [INFO] %cDownload the React DevTools for a better development experience: https://react.dev/link/react-devtools font-weight:bold @ http://localhost:8081/_next/static/chunks/node_modules_react-dom_0kla17-._.js:15093
[  788828ms] Error: An unexpected Turbopack error occurred. Please see the output of `next dev` for more details.
    at getServerError (http://localhost:8081/_next/static/chunks/node_modules_next_dist_1gdrd03._.js:1996:62)
    at http://localhost:8081/_next/static/chunks/node_modules_next_dist_client_16lnmlo._.js:4248:27
[  788826ms] [LOG] [HMR] connected @ http://localhost:8081/_next/static/chunks/node_modules_next_dist_1gdrd03._.js:756
[  789732ms] [ERROR] Failed to load resource: the server responded with a status of 500 (Internal Server Error) @ http://localhost:8081/:0
[  789770ms] [INFO] %cDownload the React DevTools for a better development experience: https://react.dev/link/react-devtools font-weight:bold @ http://localhost:8081/_next/static/chunks/node_modules_react-dom_0kla17-._.js:15093
[  789787ms] Error: An unexpected Turbopack error occurred. Please see the output of `next dev` for more details.
    at getServerError (http://localhost:8081/_next/static/chunks/node_modules_next_dist_1gdrd03._.js:1996:62)
    at http://localhost:8081/_next/static/chunks/node_modules_next_dist_client_16lnmlo._.js:4248:27
[  789789ms] [LOG] [HMR] connected @ http://localhost:8081/_next/static/chunks/node_modules_next_dist_1gdrd03._.js:756
[  790782ms] [ERROR] Failed to load resource: the server responded with a status of 500 (Internal Server Error) @ http://localhost:8081/:0
[  790859ms] [INFO] %cDownload the React DevTools for a better development experience: https://react.dev/link/react-devtools font-weight:bold @ http://localhost:8081/_next/static/chunks/node_modules_react-dom_0kla17-._.js:15093
[  790876ms] Error: An unexpected Turbopack error occurred. Please see the output of `next dev` for more details.
    at getServerError (http://localhost:8081/_next/static/chunks/node_modules_next_dist_1gdrd03._.js:1996:62)
    at http://localhost:8081/_next/static/chunks/node_modules_next_dist_client_16lnmlo._.js:4248:27
[  790873ms] [LOG] [HMR] connected @ http://localhost:8081/_next/static/chunks/node_modules_next_dist_1gdrd03._.js:756
[  791805ms] [ERROR] Failed to load resource: the server responded with a status of 500 (Internal Server Error) @ http://localhost:8081/:0
[  791839ms] [INFO] %cDownload the React DevTools for a better development experience: https://react.dev/link/react-devtools font-weight:bold @ http://localhost:8081/_next/static/chunks/node_modules_react-dom_0kla17-._.js:15093
[  791842ms] Error: An unexpected Turbopack error occurred. Please see the output of `next dev` for more details.
    at getServerError (http://localhost:8081/_next/static/chunks/node_modules_next_dist_1gdrd03._.js:1996:62)
    at http://localhost:8081/_next/static/chunks/node_modules_next_dist_client_16lnmlo._.js:4248:27
[  791848ms] [LOG] [HMR] connected @ http://localhost:8081/_next/static/chunks/node_modules_next_dist_1gdrd03._.js:756
[  792817ms] [ERROR] Failed to load resource: the server responded with a status of 500 (Internal Server Error) @ http://localhost:8081/:0
[  792853ms] [INFO] %cDownload the React DevTools for a better development experience: https://react.dev/link/react-devtools font-weight:bold @ http://localhost:8081/_next/static/chunks/node_modules_react-dom_0kla17-._.js:15093
[  792858ms] Error: An unexpected Turbopack error occurred. Please see the output of `next dev` for more details.
    at getServerError (http://localhost:8081/_next/static/chunks/node_modules_next_dist_1gdrd03._.js:1996:62)
    at http://localhost:8081/_next/static/chunks/node_modules_next_dist_client_16lnmlo._.js:4248:27
[  792863ms] [LOG] [HMR] connected @ http://localhost:8081/_next/static/chunks/node_modules_next_dist_1gdrd03._.js:756
[  793838ms] [ERROR] Failed to load resource: the server responded with a status of 500 (Internal Server Error) @ http://localhost:8081/:0
[  793890ms] [INFO] %cDownload the React DevTools for a better development experience: https://react.dev/link/react-devtools font-weight:bold @ http://localhost:8081/_next/static/chunks/node_modules_react-dom_0kla17-._.js:15093
[  793895ms] Error: An unexpected Turbopack error occurred. Please see the output of `next dev` for more details.
    at getServerError (http://localhost:8081/_next/static/chunks/node_modules_next_dist_1gdrd03._.js:1996:62)
    at http://localhost:8081/_next/static/chunks/node_modules_next_dist_client_16lnmlo._.js:4248:27
[  793897ms] [LOG] [HMR] connected @ http://localhost:8081/_next/static/chunks/node_modules_next_dist_1gdrd03._.js:756
[  794873ms] [ERROR] Failed to load resource: the server responded with a status of 500 (Internal Server Error) @ http://localhost:8081/:0
[  794930ms] [INFO] %cDownload the React DevTools for a better development experience: https://react.dev/link/react-devtools font-weight:bold @ http://localhost:8081/_next/static/chunks/node_modules_react-dom_0kla17-._.js:15093
[  794939ms] Error: An unexpected Turbopack error occurred. Please see the output of `next dev` for more details.
    at getServerError (http://localhost:8081/_next/static/chunks/node_modules_next_dist_1gdrd03._.js:1996:62)
    at http://localhost:8081/_next/static/chunks/node_modules_next_dist_client_16lnmlo._.js:4248:27
[  794942ms] [LOG] [HMR] connected @ http://localhost:8081/_next/static/chunks/node_modules_next_dist_1gdrd03._.js:756
[  795912ms] [ERROR] Failed to load resource: the server responded with a status of 500 (Internal Server Error) @ http://localhost:8081/:0
[  795964ms] [INFO] %cDownload the React DevTools for a better development experience: https://react.dev/link/react-devtools font-weight:bold @ http://localhost:8081/_next/static/chunks/node_modules_react-dom_0kla17-._.js:15093
[  795978ms] Error: An unexpected Turbopack error occurred. Please see the output of `next dev` for more details.
    at getServerError (http://localhost:8081/_next/static/chunks/node_modules_next_dist_1gdrd03._.js:1996:62)
    at http://localhost:8081/_next/static/chunks/node_modules_next_dist_client_16lnmlo._.js:4248:27
[  795979ms] [LOG] [HMR] connected @ http://localhost:8081/_next/static/chunks/node_modules_next_dist_1gdrd03._.js:756
[  796871ms] [ERROR] Failed to load resource: the server responded with a status of 500 (Internal Server Error) @ http://localhost:8081/:0
[  796927ms] [INFO] %cDownload the React DevTools for a better development experience: https://react.dev/link/react-devtools font-weight:bold @ http://localhost:8081/_next/static/chunks/node_modules_react-dom_0kla17-._.js:15093
[  796946ms] Error: An unexpected Turbopack error occurred. Please see the output of `next dev` for more details.
    at getServerError (http://localhost:8081/_next/static/chunks/node_modules_next_dist_1gdrd03._.js:1996:62)
    at http://localhost:8081/_next/static/chunks/node_modules_next_dist_client_16lnmlo._.js:4248:27
[  796948ms] [LOG] [HMR] connected @ http://localhost:8081/_next/static/chunks/node_modules_next_dist_1gdrd03._.js:756
[  797882ms] [ERROR] Failed to load resource: the server responded with a status of 500 (Internal Server Error) @ http://localhost:8081/:0
[  797942ms] [INFO] %cDownload the React DevTools for a better development experience: https://react.dev/link/react-devtools font-weight:bold @ http://localhost:8081/_next/static/chunks/node_modules_react-dom_0kla17-._.js:15093
[  797961ms] Error: An unexpected Turbopack error occurred. Please see the output of `next dev` for more details.
    at getServerError (http://localhost:8081/_next/static/chunks/node_modules_next_dist_1gdrd03._.js:1996:62)
    at http://localhost:8081/_next/static/chunks/node_modules_next_dist_client_16lnmlo._.js:4248:27
[  797963ms] [LOG] [HMR] connected @ http://localhost:8081/_next/static/chunks/node_modules_next_dist_1gdrd03._.js:756
[  798930ms] [ERROR] Failed to load resource: the server responded with a status of 500 (Internal Server Error) @ http://localhost:8081/:0
[  799006ms] [INFO] %cDownload the React DevTools for a better development experience: https://react.dev/link/react-devtools font-weight:bold @ http://localhost:8081/_next/static/chunks/node_modules_react-dom_0kla17-._.js:15093
[  799020ms] Error: An unexpected Turbopack error occurred. Please see the output of `next dev` for more details.
    at getServerError (http://localhost:8081/_next/static/chunks/node_modules_next_dist_1gdrd03._.js:1996:62)
    at http://localhost:8081/_next/static/chunks/node_modules_next_dist_client_16lnmlo._.js:4248:27
[  799021ms] [LOG] [HMR] connected @ http://localhost:8081/_next/static/chunks/node_modules_next_dist_1gdrd03._.js:756
[  799944ms] [ERROR] Failed to load resource: the server responded with a status of 500 (Internal Server Error) @ http://localhost:8081/:0
[  800012ms] [INFO] %cDownload the React DevTools for a better development experience: https://react.dev/link/react-devtools font-weight:bold @ http://localhost:8081/_next/static/chunks/node_modules_react-dom_0kla17-._.js:15093
[  800034ms] Error: An unexpected Turbopack error occurred. Please see the output of `next dev` for more details.
    at getServerError (http://localhost:8081/_next/static/chunks/node_modules_next_dist_1gdrd03._.js:1996:62)
    at http://localhost:8081/_next/static/chunks/node_modules_next_dist_client_16lnmlo._.js:4248:27
[  800035ms] [LOG] [HMR] connected @ http://localhost:8081/_next/static/chunks/node_modules_next_dist_1gdrd03._.js:756
[  800979ms] [ERROR] Failed to load resource: the server responded with a status of 500 (Internal Server Error) @ http://localhost:8081/:0
[  801055ms] [INFO] %cDownload the React DevTools for a better development experience: https://react.dev/link/react-devtools font-weight:bold @ http://localhost:8081/_next/static/chunks/node_modules_react-dom_0kla17-._.js:15093
[  801076ms] Error: An unexpected Turbopack error occurred. Please see the output of `next dev` for more details.
    at getServerError (http://localhost:8081/_next/static/chunks/node_modules_next_dist_1gdrd03._.js:1996:62)
    at http://localhost:8081/_next/static/chunks/node_modules_next_dist_client_16lnmlo._.js:4248:27
[  801077ms] [LOG] [HMR] connected @ http://localhost:8081/_next/static/chunks/node_modules_next_dist_1gdrd03._.js:756
[  801986ms] [ERROR] Failed to load resource: the server responded with a status of 500 (Internal Server Error) @ http://localhost:8081/:0
[  802064ms] [INFO] %cDownload the React DevTools for a better development experience: https://react.dev/link/react-devtools font-weight:bold @ http://localhost:8081/_next/static/chunks/node_modules_react-dom_0kla17-._.js:15093
[  802089ms] Error: An unexpected Turbopack error occurred. Please see the output of `next dev` for more details.
    at getServerError (http://localhost:8081/_next/static/chunks/node_modules_next_dist_1gdrd03._.js:1996:62)
    at http://localhost:8081/_next/static/chunks/node_modules_next_dist_client_16lnmlo._.js:4248:27
[  802088ms] [LOG] [HMR] connected @ http://localhost:8081/_next/static/chunks/node_modules_next_dist_1gdrd03._.js:756
[  803001ms] [ERROR] Failed to load resource: the server responded with a status of 500 (Internal Server Error) @ http://localhost:8081/:0
[  803072ms] [INFO] %cDownload the React DevTools for a better development experience: https://react.dev/link/react-devtools font-weight:bold @ http://localhost:8081/_next/static/chunks/node_modules_react-dom_0kla17-._.js:15093
[  803094ms] Error: An unexpected Turbopack error occurred. Please see the output of `next dev` for more details.
    at getServerError (http://localhost:8081/_next/static/chunks/node_modules_next_dist_1gdrd03._.js:1996:62)
    at http://localhost:8081/_next/static/chunks/node_modules_next_dist_client_16lnmlo._.js:4248:27
[  803095ms] [LOG] [HMR] connected @ http://localhost:8081/_next/static/chunks/node_modules_next_dist_1gdrd03._.js:756
[  804013ms] [ERROR] Failed to load resource: the server responded with a status of 500 (Internal Server Error) @ http://localhost:8081/:0
[  804091ms] [INFO] %cDownload the React DevTools for a better development experience: https://react.dev/link/react-devtools font-weight:bold @ http://localhost:8081/_next/static/chunks/node_modules_react-dom_0kla17-._.js:15093
[  804113ms] Error: An unexpected Turbopack error occurred. Please see the output of `next dev` for more details.
    at getServerError (http://localhost:8081/_next/static/chunks/node_modules_next_dist_1gdrd03._.js:1996:62)
    at http://localhost:8081/_next/static/chunks/node_modules_next_dist_client_16lnmlo._.js:4248:27
[  804113ms] [LOG] [HMR] connected @ http://localhost:8081/_next/static/chunks/node_modules_next_dist_1gdrd03._.js:756
[  805013ms] [ERROR] Failed to load resource: the server responded with a status of 500 (Internal Server Error) @ http://localhost:8081/:0
[  805062ms] [INFO] %cDownload the React DevTools for a better development experience: https://react.dev/link/react-devtools font-weight:bold @ http://localhost:8081/_next/static/chunks/node_modules_react-dom_0kla17-._.js:15093
[  805080ms] Error: An unexpected Turbopack error occurred. Please see the output of `next dev` for more details.
    at getServerError (http://localhost:8081/_next/static/chunks/node_modules_next_dist_1gdrd03._.js:1996:62)
    at http://localhost:8081/_next/static/chunks/node_modules_next_dist_client_16lnmlo._.js:4248:27
[  805080ms] [LOG] [HMR] connected @ http://localhost:8081/_next/static/chunks/node_modules_next_dist_1gdrd03._.js:756
[  806024ms] [ERROR] Failed to load resource: the server responded with a status of 500 (Internal Server Error) @ http://localhost:8081/:0
[  806078ms] [INFO] %cDownload the React DevTools for a better development experience: https://react.dev/link/react-devtools font-weight:bold @ http://localhost:8081/_next/static/chunks/node_modules_react-dom_0kla17-._.js:15093
[  806093ms] Error: An unexpected Turbopack error occurred. Please see the output of `next dev` for more details.
    at getServerError (http://localhost:8081/_next/static/chunks/node_modules_next_dist_1gdrd03._.js:1996:62)
    at http://localhost:8081/_next/static/chunks/node_modules_next_dist_client_16lnmlo._.js:4248:27
[  806093ms] [LOG] [HMR] connected @ http://localhost:8081/_next/static/chunks/node_modules_next_dist_1gdrd03._.js:756
[  807041ms] [ERROR] Failed to load resource: the server responded with a status of 500 (Internal Server Error) @ http://localhost:8081/:0
[  807088ms] [INFO] %cDownload the React DevTools for a better development experience: https://react.dev/link/react-devtools font-weight:bold @ http://localhost:8081/_next/static/chunks/node_modules_react-dom_0kla17-._.js:15093
[  807103ms] Error: An unexpected Turbopack error occurred. Please see the output of `next dev` for more details.
    at getServerError (http://localhost:8081/_next/static/chunks/node_modules_next_dist_1gdrd03._.js:1996:62)
    at http://localhost:8081/_next/static/chunks/node_modules_next_dist_client_16lnmlo._.js:4248:27
[  807103ms] [LOG] [HMR] connected @ http://localhost:8081/_next/static/chunks/node_modules_next_dist_1gdrd03._.js:756
[  808047ms] [ERROR] Failed to load resource: the server responded with a status of 500 (Internal Server Error) @ http://localhost:8081/:0
[  808094ms] [INFO] %cDownload the React DevTools for a better development experience: https://react.dev/link/react-devtools font-weight:bold @ http://localhost:8081/_next/static/chunks/node_modules_react-dom_0kla17-._.js:15093
[  808106ms] Error: An unexpected Turbopack error occurred. Please see the output of `next dev` for more details.
    at getServerError (http://localhost:8081/_next/static/chunks/node_modules_next_dist_1gdrd03._.js:1996:62)
    at http://localhost:8081/_next/static/chunks/node_modules_next_dist_client_16lnmlo._.js:4248:27
[  808108ms] [LOG] [HMR] connected @ http://localhost:8081/_next/static/chunks/node_modules_next_dist_1gdrd03._.js:756
[  809070ms] [ERROR] Failed to load resource: the server responded with a status of 500 (Internal Server Error) @ http://localhost:8081/:0
[  809113ms] [INFO] %cDownload the React DevTools for a better development experience: https://react.dev/link/react-devtools font-weight:bold @ http://localhost:8081/_next/static/chunks/node_modules_react-dom_0kla17-._.js:15093
[  809126ms] Error: An unexpected Turbopack error occurred. Please see the output of `next dev` for more details.
    at getServerError (http://localhost:8081/_next/static/chunks/node_modules_next_dist_1gdrd03._.js:1996:62)
    at http://localhost:8081/_next/static/chunks/node_modules_next_dist_client_16lnmlo._.js:4248:27
[  809129ms] [LOG] [HMR] connected @ http://localhost:8081/_next/static/chunks/node_modules_next_dist_1gdrd03._.js:756
[  810088ms] [ERROR] Failed to load resource: the server responded with a status of 500 (Internal Server Error) @ http://localhost:8081/:0
[  810139ms] [INFO] %cDownload the React DevTools for a better development experience: https://react.dev/link/react-devtools font-weight:bold @ http://localhost:8081/_next/static/chunks/node_modules_react-dom_0kla17-._.js:15093
[  810153ms] Error: An unexpected Turbopack error occurred. Please see the output of `next dev` for more details.
    at getServerError (http://localhost:8081/_next/static/chunks/node_modules_next_dist_1gdrd03._.js:1996:62)
    at http://localhost:8081/_next/static/chunks/node_modules_next_dist_client_16lnmlo._.js:4248:27
[  810155ms] [LOG] [HMR] connected @ http://localhost:8081/_next/static/chunks/node_modules_next_dist_1gdrd03._.js:756
[  811120ms] [ERROR] Failed to load resource: the server responded with a status of 500 (Internal Server Error) @ http://localhost:8081/:0
[  811165ms] [INFO] %cDownload the React DevTools for a better development experience: https://react.dev/link/react-devtools font-weight:bold @ http://localhost:8081/_next/static/chunks/node_modules_react-dom_0kla17-._.js:15093
[  811181ms] Error: An unexpected Turbopack error occurred. Please see the output of `next dev` for more details.
    at getServerError (http://localhost:8081/_next/static/chunks/node_modules_next_dist_1gdrd03._.js:1996:62)
    at http://localhost:8081/_next/static/chunks/node_modules_next_dist_client_16lnmlo._.js:4248:27
[  811182ms] [LOG] [HMR] connected @ http://localhost:8081/_next/static/chunks/node_modules_next_dist_1gdrd03._.js:756
[  812130ms] [ERROR] Failed to load resource: the server responded with a status of 500 (Internal Server Error) @ http://localhost:8081/:0
[  812199ms] [INFO] %cDownload the React DevTools for a better development experience: https://react.dev/link/react-devtools font-weight:bold @ http://localhost:8081/_next/static/chunks/node_modules_react-dom_0kla17-._.js:15093
[  812226ms] Error: An unexpected Turbopack error occurred. Please see the output of `next dev` for more details.
    at getServerError (http://localhost:8081/_next/static/chunks/node_modules_next_dist_1gdrd03._.js:1996:62)
    at http://localhost:8081/_next/static/chunks/node_modules_next_dist_client_16lnmlo._.js:4248:27
[  812225ms] [LOG] [HMR] connected @ http://localhost:8081/_next/static/chunks/node_modules_next_dist_1gdrd03._.js:756
[  813147ms] [ERROR] Failed to load resource: the server responded with a status of 500 (Internal Server Error) @ http://localhost:8081/:0
[  813216ms] [INFO] %cDownload the React DevTools for a better development experience: https://react.dev/link/react-devtools font-weight:bold @ http://localhost:8081/_next/static/chunks/node_modules_react-dom_0kla17-._.js:15093
[  813239ms] Error: An unexpected Turbopack error occurred. Please see the output of `next dev` for more details.
    at getServerError (http://localhost:8081/_next/static/chunks/node_modules_next_dist_1gdrd03._.js:1996:62)
    at http://localhost:8081/_next/static/chunks/node_modules_next_dist_client_16lnmlo._.js:4248:27
[  813240ms] [LOG] [HMR] connected @ http://localhost:8081/_next/static/chunks/node_modules_next_dist_1gdrd03._.js:756
[  814165ms] [ERROR] Failed to load resource: the server responded with a status of 500 (Internal Server Error) @ http://localhost:8081/:0
[  814245ms] [INFO] %cDownload the React DevTools for a better development experience: https://react.dev/link/react-devtools font-weight:bold @ http://localhost:8081/_next/static/chunks/node_modules_react-dom_0kla17-._.js:15093
[  814269ms] Error: An unexpected Turbopack error occurred. Please see the output of `next dev` for more details.
    at getServerError (http://localhost:8081/_next/static/chunks/node_modules_next_dist_1gdrd03._.js:1996:62)
    at http://localhost:8081/_next/static/chunks/node_modules_next_dist_client_16lnmlo._.js:4248:27
[  814269ms] [LOG] [HMR] connected @ http://localhost:8081/_next/static/chunks/node_modules_next_dist_1gdrd03._.js:756
[  815177ms] [ERROR] Failed to load resource: the server responded with a status of 500 (Internal Server Error) @ http://localhost:8081/:0
[  815252ms] [INFO] %cDownload the React DevTools for a better development experience: https://react.dev/link/react-devtools font-weight:bold @ http://localhost:8081/_next/static/chunks/node_modules_react-dom_0kla17-._.js:15093
[  815275ms] Error: An unexpected Turbopack error occurred. Please see the output of `next dev` for more details.
    at getServerError (http://localhost:8081/_next/static/chunks/node_modules_next_dist_1gdrd03._.js:1996:62)
    at http://localhost:8081/_next/static/chunks/node_modules_next_dist_client_16lnmlo._.js:4248:27
[  815276ms] [LOG] [HMR] connected @ http://localhost:8081/_next/static/chunks/node_modules_next_dist_1gdrd03._.js:756
[  816195ms] [ERROR] Failed to load resource: the server responded with a status of 500 (Internal Server Error) @ http://localhost:8081/:0
[  816259ms] [INFO] %cDownload the React DevTools for a better development experience: https://react.dev/link/react-devtools font-weight:bold @ http://localhost:8081/_next/static/chunks/node_modules_react-dom_0kla17-._.js:15093
[  816282ms] Error: An unexpected Turbopack error occurred. Please see the output of `next dev` for more details.
    at getServerError (http://localhost:8081/_next/static/chunks/node_modules_next_dist_1gdrd03._.js:1996:62)
    at http://localhost:8081/_next/static/chunks/node_modules_next_dist_client_16lnmlo._.js:4248:27
[  816281ms] [LOG] [HMR] connected @ http://localhost:8081/_next/static/chunks/node_modules_next_dist_1gdrd03._.js:756
[  817212ms] [ERROR] Failed to load resource: the server responded with a status of 500 (Internal Server Error) @ http://localhost:8081/:0
[  817275ms] [INFO] %cDownload the React DevTools for a better development experience: https://react.dev/link/react-devtools font-weight:bold @ http://localhost:8081/_next/static/chunks/node_modules_react-dom_0kla17-._.js:15093
[  817298ms] Error: An unexpected Turbopack error occurred. Please see the output of `next dev` for more details.
    at getServerError (http://localhost:8081/_next/static/chunks/node_modules_next_dist_1gdrd03._.js:1996:62)
    at http://localhost:8081/_next/static/chunks/node_modules_next_dist_client_16lnmlo._.js:4248:27
[  817298ms] [LOG] [HMR] connected @ http://localhost:8081/_next/static/chunks/node_modules_next_dist_1gdrd03._.js:756
[  818231ms] [ERROR] Failed to load resource: the server responded with a status of 500 (Internal Server Error) @ http://localhost:8081/:0
[  818300ms] [INFO] %cDownload the React DevTools for a better development experience: https://react.dev/link/react-devtools font-weight:bold @ http://localhost:8081/_next/static/chunks/node_modules_react-dom_0kla17-._.js:15093
[  818323ms] Error: An unexpected Turbopack error occurred. Please see the output of `next dev` for more details.
    at getServerError (http://localhost:8081/_next/static/chunks/node_modules_next_dist_1gdrd03._.js:1996:62)
    at http://localhost:8081/_next/static/chunks/node_modules_next_dist_client_16lnmlo._.js:4248:27
[  818322ms] [LOG] [HMR] connected @ http://localhost:8081/_next/static/chunks/node_modules_next_dist_1gdrd03._.js:756
[  819248ms] [ERROR] Failed to load resource: the server responded with a status of 500 (Internal Server Error) @ http://localhost:8081/:0
[  819319ms] [INFO] %cDownload the React DevTools for a better development experience: https://react.dev/link/react-devtools font-weight:bold @ http://localhost:8081/_next/static/chunks/node_modules_react-dom_0kla17-._.js:15093
[  819342ms] Error: An unexpected Turbopack error occurred. Please see the output of `next dev` for more details.
    at getServerError (http://localhost:8081/_next/static/chunks/node_modules_next_dist_1gdrd03._.js:1996:62)
    at http://localhost:8081/_next/static/chunks/node_modules_next_dist_client_16lnmlo._.js:4248:27
[  819342ms] [LOG] [HMR] connected @ http://localhost:8081/_next/static/chunks/node_modules_next_dist_1gdrd03._.js:756
[  820266ms] [ERROR] Failed to load resource: the server responded with a status of 500 (Internal Server Error) @ http://localhost:8081/:0
[  820344ms] [INFO] %cDownload the React DevTools for a better development experience: https://react.dev/link/react-devtools font-weight:bold @ http://localhost:8081/_next/static/chunks/node_modules_react-dom_0kla17-._.js:15093
[  820368ms] Error: An unexpected Turbopack error occurred. Please see the output of `next dev` for more details.
    at getServerError (http://localhost:8081/_next/static/chunks/node_modules_next_dist_1gdrd03._.js:1996:62)
    at http://localhost:8081/_next/static/chunks/node_modules_next_dist_client_16lnmlo._.js:4248:27
[  820369ms] [LOG] [HMR] connected @ http://localhost:8081/_next/static/chunks/node_modules_next_dist_1gdrd03._.js:756
[  821289ms] [ERROR] Failed to load resource: the server responded with a status of 500 (Internal Server Error) @ http://localhost:8081/:0
[  821326ms] [INFO] %cDownload the React DevTools for a better development experience: https://react.dev/link/react-devtools font-weight:bold @ http://localhost:8081/_next/static/chunks/node_modules_react-dom_0kla17-._.js:15093
[  821336ms] Error: An unexpected Turbopack error occurred. Please see the output of `next dev` for more details.
    at getServerError (http://localhost:8081/_next/static/chunks/node_modules_next_dist_1gdrd03._.js:1996:62)
    at http://localhost:8081/_next/static/chunks/node_modules_next_dist_client_16lnmlo._.js:4248:27
[  821339ms] [LOG] [HMR] connected @ http://localhost:8081/_next/static/chunks/node_modules_next_dist_1gdrd03._.js:756
[  822833ms] [ERROR] WebSocket connection to 'ws://localhost:8081/_next/hmr' failed: Error in connection establishment: net::ERR_CONNECTION_REFUSED @ http://localhost:8081/_next/static/chunks/node_modules_next_dist_client_16lnmlo._.js:1009
[  824115ms] [LOG] [HMR] connected @ http://localhost:8081/_next/static/chunks/node_modules_next_dist_1gdrd03._.js:756
[  827268ms] [INFO] %cDownload the React DevTools for a better development experience: https://react.dev/link/react-devtools font-weight:bold @ http://localhost:8081/_next/static/chunks/node_modules_next_dist_1e8vcs8._.js:776
[  827691ms] [LOG] [HMR] connected @ http://localhost:8081/_next/static/chunks/node_modules_next_dist_1e8vcs8._.js:776
[  829139ms] [WARNING] Image with src "/homepage/gallery/tile-01.webp" has "fill" prop and "sizes" prop of "100vw", but image is not rendered at full viewport width. Please adjust "sizes" to improve page performance. Read more: https://nextjs.org/docs/api-reference/next/image#sizes @ http://localhost:8081/_next/static/chunks/node_modules_next_dist_1e8vcs8._.js:776
[  829173ms] [WARNING] Image with src "/homepage/gallery/tile-03.webp" has "fill" prop and "sizes" prop of "100vw", but image is not rendered at full viewport width. Please adjust "sizes" to improve page performance. Read more: https://nextjs.org/docs/api-reference/next/image#sizes @ http://localhost:8081/_next/static/chunks/node_modules_next_dist_1e8vcs8._.js:776
[  837356ms] [INFO] %cDownload the React DevTools for a better development experience: https://react.dev/link/react-devtools font-weight:bold @ http://localhost:8081/_next/static/chunks/node_modules_next_dist_1e8vcs8._.js:776
[  837394ms] [LOG] [HMR] connected @ http://localhost:8081/_next/static/chunks/node_modules_next_dist_1e8vcs8._.js:776
[  839455ms] [INFO] %cDownload the React DevTools for a better development experience: https://react.dev/link/react-devtools font-weight:bold @ http://localhost:8081/_next/static/chunks/node_modules_next_dist_1e8vcs8._.js:776
[  839502ms] [LOG] [HMR] connected @ http://localhost:8081/_next/static/chunks/node_modules_next_dist_1e8vcs8._.js:776
[  841304ms] [INFO] %cDownload the React DevTools for a better development experience: https://react.dev/link/react-devtools font-weight:bold @ http://localhost:8081/_next/static/chunks/node_modules_next_dist_1e8vcs8._.js:776
[  841324ms] [LOG] [HMR] connected @ http://localhost:8081/_next/static/chunks/node_modules_next_dist_1e8vcs8._.js:776
[  843888ms] [ERROR] Failed to load resource: the server responded with a status of 500 (Internal Server Error) @ http://localhost:8081/pages/our-story:0
[  843992ms] [INFO] %cDownload the React DevTools for a better development experience: https://react.dev/link/react-devtools font-weight:bold @ http://localhost:8081/_next/static/chunks/node_modules_react-dom_0kla17-._.js:15093
[  844013ms] Error: UNKNOWN: unknown error, open 'C:\TILFI_COPY\rajraani\.next\dev\prerender-manifest.json'
    at async open (node:internal/fs/promises:697:25)
    at async Object.writeFile (node:internal/fs/promises:1317:14)
    at async (file://C:\TILFI_COPY\rajraani\node_modules\next\dist\server\dev\next-dev-server.js:690:21)
    at async DevServer.renderToResponseWithComponentsImpl (file://C:\TILFI_COPY\rajraani\node_modules\next\dist\server\base-server.js:1433:34)
    at async DevServer.renderPageComponent (file://C:\TILFI_COPY\rajraani\node_modules\next\dist\server\base-server.js:1589:24)
    at async DevServer.renderToResponseImpl (file://C:\TILFI_COPY\rajraani\node_modules\next\dist\server\base-server.js:1639:32)
    at async DevServer.pipeImpl (file://C:\TILFI_COPY\rajraani\node_modules\next\dist\server\base-server.js:1088:25)
    at async NextNodeServer.handleCatchallRenderRequest (file://C:\TILFI_COPY\rajraani\node_modules\next\dist\server\next-server.js:338:17)
    at async DevServer.handleRequestImpl (file://C:\TILFI_COPY\rajraani\node_modules\next\dist\server\base-server.js:979:17)
    at async (file://C:\TILFI_COPY\rajraani\node_modules\next\dist\server\dev\next-dev-server.js:426:20)
    at async Span.traceAsyncFn (file://C:\TILFI_COPY\rajraani\node_modules\next\dist\trace\trace.js:164:20)
    at async DevServer.handleRequest (file://C:\TILFI_COPY\rajraani\node_modules\next\dist\server\dev\next-dev-server.js:422:24)
    at async invokeRender (file://C:\TILFI_COPY\rajraani\node_modules\next\dist\server\lib\router-server.js:306:21)
    at async handleRequest (file://C:\TILFI_COPY\rajraani\node_modules\next\dist\server\lib\router-server.js:508:24)
    at async requestHandlerImpl (file://C:\TILFI_COPY\rajraani\node_modules\next\dist\server\lib\router-server.js:565:13)
    at async Server.requestListener (file://C:\TILFI_COPY\rajraani\node_modules\next\dist\server\lib\start-server.js:225:13)
[  844013ms] [LOG] [HMR] connected @ http://localhost:8081/_next/static/chunks/node_modules_next_dist_1gdrd03._.js:756
[  846511ms] [INFO] %cDownload the React DevTools for a better development experience: https://react.dev/link/react-devtools font-weight:bold @ http://localhost:8081/_next/static/chunks/node_modules_next_dist_1e8vcs8._.js:776
[  846543ms] [LOG] [HMR] connected @ http://localhost:8081/_next/static/chunks/node_modules_next_dist_1e8vcs8._.js:776
[  846784ms] [WARNING] Image with src "/homepage/about/store-banner.jpg" was detected as the Largest Contentful Paint (LCP). Please add the `loading="eager"` property if this image is above the fold.
Read more: https://nextjs.org/docs/app/api-reference/components/image#loading @ http://localhost:8081/_next/static/chunks/node_modules_next_dist_1e8vcs8._.js:776
[  847518ms] [LOG] Running with experiment IDs: [106288168] @ https://maps.googleapis.com/maps-api-v3/api/js/66/7/main.js:311
[  849350ms] [INFO] %cDownload the React DevTools for a better development experience: https://react.dev/link/react-devtools font-weight:bold @ http://localhost:8081/_next/static/chunks/node_modules_next_dist_1e8vcs8._.js:776
[  849382ms] [LOG] [HMR] connected @ http://localhost:8081/_next/static/chunks/node_modules_next_dist_1e8vcs8._.js:776
[  849942ms] [LOG] Running with experiment IDs: [106288168] @ https://maps.googleapis.com/maps-api-v3/api/js/66/7/main.js:311
[  851803ms] [INFO] %cDownload the React DevTools for a better development experience: https://react.dev/link/react-devtools font-weight:bold @ http://localhost:8081/_next/static/chunks/node_modules_next_dist_1e8vcs8._.js:776
[  851834ms] [LOG] [HMR] connected @ http://localhost:8081/_next/static/chunks/node_modules_next_dist_1e8vcs8._.js:776
[  853816ms] [INFO] %cDownload the React DevTools for a better development experience: https://react.dev/link/react-devtools font-weight:bold @ http://localhost:8081/_next/static/chunks/node_modules_next_dist_1e8vcs8._.js:776
[  853846ms] [LOG] [HMR] connected @ http://localhost:8081/_next/static/chunks/node_modules_next_dist_1e8vcs8._.js:776
[  855619ms] [VERBOSE] [DOM] Input elements should have autocomplete attributes (suggested: "current-password"): (More info: https://goo.gl/9p2vKq) %o @ http://localhost:8081/account:0
[  855647ms] [INFO] %cDownload the React DevTools for a better development experience: https://react.dev/link/react-devtools font-weight:bold @ http://localhost:8081/_next/static/chunks/node_modules_next_dist_1e8vcs8._.js:776
[  855678ms] [LOG] [HMR] connected @ http://localhost:8081/_next/static/chunks/node_modules_next_dist_1e8vcs8._.js:776
[  857457ms] [INFO] %cDownload the React DevTools for a better development experience: https://react.dev/link/react-devtools font-weight:bold @ http://localhost:8081/_next/static/chunks/node_modules_next_dist_1e8vcs8._.js:776
[  857499ms] [LOG] [HMR] connected @ http://localhost:8081/_next/static/chunks/node_modules_next_dist_1e8vcs8._.js:776
[  859271ms] [INFO] %cDownload the React DevTools for a better development experience: https://react.dev/link/react-devtools font-weight:bold @ http://localhost:8081/_next/static/chunks/node_modules_next_dist_1e8vcs8._.js:776
[  859311ms] [LOG] [HMR] connected @ http://localhost:8081/_next/static/chunks/node_modules_next_dist_1e8vcs8._.js:776
[  861132ms] [INFO] %cDownload the React DevTools for a better development experience: https://react.dev/link/react-devtools font-weight:bold @ http://localhost:8081/_next/static/chunks/node_modules_next_dist_1e8vcs8._.js:776
[  861159ms] [LOG] [HMR] connected @ http://localhost:8081/_next/static/chunks/node_modules_next_dist_1e8vcs8._.js:776
[  881822ms] [INFO] %cDownload the React DevTools for a better development experience: https://react.dev/link/react-devtools font-weight:bold @ http://localhost:8081/_next/static/chunks/node_modules_next_dist_1e8vcs8._.js:776
[  881871ms] [LOG] [HMR] connected @ http://localhost:8081/_next/static/chunks/node_modules_next_dist_1e8vcs8._.js:776
[  883015ms] [WARNING] Image with src "/homepage/about/story-banner.jpg" was detected as the Largest Contentful Paint (LCP). Please add the `loading="eager"` property if this image is above the fold.
Read more: https://nextjs.org/docs/app/api-reference/components/image#loading @ http://localhost:8081/_next/static/chunks/node_modules_next_dist_1e8vcs8._.js:776
[  883426ms] [INFO] %cDownload the React DevTools for a better development experience: https://react.dev/link/react-devtools font-weight:bold @ http://localhost:8081/_next/static/chunks/node_modules_next_dist_1e8vcs8._.js:776
[  883454ms] [LOG] [HMR] connected @ http://localhost:8081/_next/static/chunks/node_modules_next_dist_1e8vcs8._.js:776
[  898631ms] [INFO] %cDownload the React DevTools for a better development experience: https://react.dev/link/react-devtools font-weight:bold @ http://localhost:8081/_next/static/chunks/node_modules_next_dist_1e8vcs8._.js:776
[  898662ms] [LOG] [HMR] connected @ http://localhost:8081/_next/static/chunks/node_modules_next_dist_1e8vcs8._.js:776
[  898782ms] [WARNING] Image with src "/reference-only/products/sindoor-red-katan-silk-kadiyal-saree/01.webp" was detected as the Largest Contentful Paint (LCP). Please add the `loading="eager"` property if this image is above the fold.
Read more: https://nextjs.org/docs/app/api-reference/components/image#loading @ http://localhost:8081/_next/static/chunks/node_modules_next_dist_1e8vcs8._.js:776
[  915545ms] [LOG] [Fast Refresh] rebuilding @ http://localhost:8081/_next/static/chunks/node_modules_next_dist_1e8vcs8._.js:776
[  915843ms] [LOG] [Fast Refresh] done in 155ms @ http://localhost:8081/_next/static/chunks/node_modules_next_dist_1e8vcs8._.js:776
[  916330ms] [INFO] %cDownload the React DevTools for a better development experience: https://react.dev/link/react-devtools font-weight:bold @ http://localhost:8081/_next/static/chunks/node_modules_next_dist_1e8vcs8._.js:776
[  916443ms] [LOG] [HMR] connected @ http://localhost:8081/_next/static/chunks/node_modules_next_dist_1e8vcs8._.js:776
[  954912ms] [LOG] [Fast Refresh] rebuilding @ http://localhost:8081/_next/static/chunks/node_modules_next_dist_1e8vcs8._.js:776
[  955343ms] [LOG] [Fast Refresh] done in 506ms @ http://localhost:8081/_next/static/chunks/node_modules_next_dist_1e8vcs8._.js:776
